{
  "version": 2,
  "id": "431f8652-d8bb-4bee-8d66-264cc74e56a1",
  "name": "5",
  "width": 1152,
  "height": 2048,
  "layers": [
    {
      "id": "356bcf23-036a-4a91-92b0-08c631617c88",
      "name": "Frame 1 Group",
      "type": "group",
      "children": [
        {
          "id": "268ac712-6751-4049-92f9-14cdce5e9252",
          "name": "Frame 1",
          "type": "frame",
          "shape": {
            "type": "rect",
            "x": 101.43246592317224,
            "y": 631.910780669145,
            "width": 1032.8822800495664,
            "height": 1149.6208178438662
          },
          "fitMode": "cover",
          "designSlotId": "design1",
          "designTransform": {
            "x": -20.302354399008664,
            "y": 2.5377942998761682,
            "scale": 0.564704771531829,
            "rotation": 0,
            "opacity": 1
          }
        }
      ]
    }
  ],
  "updatedAt": 1766106872235,
  "backgroundURL": "./assets/431f8652-d8bb-4bee-8d66-264cc74e56a1.jpg"
}