{
  "version": 2,
  "id": "593c0d3c-03b3-48ef-821e-3ef410a25306",
  "name": "2",
  "width": 1143,
  "height": 2048,
  "layers": [
    {
      "id": "e07430a4-88fd-41f2-87ea-41213765cf98",
      "name": "Frame 1 Group",
      "type": "group",
      "children": [
        {
          "id": "ff3560f7-fb6b-4703-a171-29d3a470ae4d",
          "name": "Frame 1",
          "type": "frame",
          "shape": {
            "type": "rect",
            "x": 0,
            "y": 799.7481380536143,
            "width": 616.6840148698885,
            "height": 774.0272614622057
          },
          "fitMode": "cover",
          "designSlotId": "design1",
          "designTransform": {
            "x": -56.36354731258541,
            "y": -74.21970976974262,
            "scale": 0.6230504272101914,
            "rotation": 77.16328395164528,
            "opacity": 1
          }
        },
        {
          "id": "9db95b26-a2ea-40e8-871b-a8d431f96d98",
          "name": "Frame 1 Mask",
          "type": "mask",
          "maskRef": "08847e974edcd9a1e193db756afa29f18364574b70a18d3dc9c9f9a26374dbcc",
          "maskMeta": {
            "w": 617,
            "h": 774
          }
        }
      ]
    }
  ],
  "updatedAt": 1766106872083,
  "backgroundURL": "./assets/593c0d3c-03b3-48ef-821e-3ef410a25306.jpg"
}