{
  "version": 2,
  "id": "5b343180-4725-41ec-acdd-449f37cab0c3",
  "name": "1",
  "width": 1152,
  "height": 2048,
  "layers": [
    {
      "id": "5556d520-07be-4304-b9c0-77d3bc0b1738",
      "name": "Frame 1 Group",
      "type": "group",
      "children": [
        {
          "id": "1b65a979-03dd-4681-b20d-fa83c42cb8ce",
          "name": "Frame 1",
          "type": "frame",
          "shape": {
            "type": "rect",
            "x": 111.58364312267658,
            "y": 710.5824039653036,
            "width": 971.9752168525403,
            "height": 1106.478314745973
          },
          "fitMode": "cover",
          "designSlotId": "design1",
          "designTransform": {
            "x": -8.797282669974607,
            "y": 92.04057383227246,
            "scale": 0.49774016537648147,
            "rotation": 0,
            "opacity": 1
          }
        }
      ]
    }
  ],
  "updatedAt": 1766106872029,
  "backgroundURL": "./assets/5b343180-4725-41ec-acdd-449f37cab0c3.jpg"
}