{
  "version": 2,
  "id": "dca7a782-8394-45d0-b072-c7d6f2aca0dc",
  "name": "3",
  "width": 1152,
  "height": 2048,
  "layers": [
    {
      "id": "10869572-86a5-47da-827f-ddd1ce5e9078",
      "name": "Frame 1 Group",
      "type": "group",
      "children": [
        {
          "id": "d7c730bb-c958-4eca-a6d4-af902b17f4d4",
          "name": "Frame 1",
          "type": "frame",
          "shape": {
            "type": "rect",
            "x": 7.534076827757125,
            "y": 771.4894671623296,
            "width": 817.1697645600992,
            "height": 918.6815365551425
          },
          "fitMode": "cover",
          "designSlotId": "design1",
          "designTransform": {
            "x": -27.915737298636998,
            "y": 7.613382899628277,
            "scale": 0.7483138649663809,
            "rotation": 0,
            "opacity": 1
          }
        }
      ]
    }
  ],
  "updatedAt": 1766106872139,
  "backgroundURL": "./assets/dca7a782-8394-45d0-b072-c7d6f2aca0dc.jpg"
}