{
  "folders": [
    {
      "id": "fld_33b4a81b-30df-4e06-bac6-634c005ff9b9",
      "name": "New Folder",
      "parent": null,
      "children": [
        "0ee53503-1092-42d8-94d6-553712148b9a"
      ]
    }
  ],
  "assets": [
    {
      "id": "73e80cb4-5cb0-46a8-8b10-56d1a8641e67",
      "name": "image-fbe26b52-6d25-49f7-b829-1d4ae68e99ca-1",
      "folder": "fld_root"
    },
    {
      "id": "0ee53503-1092-42d8-94d6-553712148b9a",
      "name": "Jagermeister-Herbal-Green",
      "folder": "fld_33b4a81b-30df-4e06-bac6-634c005ff9b9"
    }
  ]
}