{
  "version": 2,
  "id": "03a08e18-1530-4bc3-ad21-6ec180ede049",
  "name": "5",
  "width": 1143,
  "height": 2048,
  "layers": [
    {
      "id": "9f5d39ab-6750-4574-8b07-9b11671b4ab7",
      "name": "Frame 1",
      "type": "group",
      "children": [
        {
          "id": "45646a7c-2006-4acd-ac4a-1dca85650d73",
          "name": "Frame 1",
          "type": "frame",
          "shape": {
            "type": "rect",
            "x": 448.4998787338004,
            "y": 773.8407218745303,
            "width": 473.5184197861518,
            "height": 377.49940688507104
          },
          "fitMode": "cover",
          "designSlotId": "design1",
          "visible": true,
          "opacity": 1,
          "blendMode": "normal",
          "designTransform": {
            "x": -347.8068886351357,
            "y": 72.40957468293414,
            "scale": 0.5900105924928726,
            "rotation": 0
          },
          "warp": {
            "rows": 4,
            "cols": 4,
            "points": [
              {
                "x": 0,
                "y": 0
              },
              {
                "x": 0.3333333333333333,
                "y": 0
              },
              {
                "x": 0.6666666666666666,
                "y": 0
              },
              {
                "x": 1,
                "y": 0
              },
              {
                "x": 0,
                "y": 0.3333333333333333
              },
              {
                "x": 0.3333333333333333,
                "y": 0.3333333333333333
              },
              {
                "x": 0.6666666666666666,
                "y": 0.3333333333333333
              },
              {
                "x": 1,
                "y": 0.3333333333333333
              },
              {
                "x": 0,
                "y": 0.6666666666666666
              },
              {
                "x": 0.3333333333333333,
                "y": 0.6666666666666666
              },
              {
                "x": 0.6666666666666666,
                "y": 0.6666666666666666
              },
              {
                "x": 1,
                "y": 0.6666666666666666
              },
              {
                "x": 0,
                "y": 0.9239784605638264
              },
              {
                "x": 0.3333333333333333,
                "y": 1
              },
              {
                "x": 0.6717171717171717,
                "y": 0.9968324358568263
              },
              {
                "x": 1.0075757575757576,
                "y": 0.9271460247070007
              }
            ]
          }
        }
      ],
      "visible": true,
      "opacity": 1,
      "blendMode": "normal"
    },
    {
      "id": "afefd8a2-10fa-4a57-8bb7-af5e8203966f",
      "name": "Frame 2",
      "type": "group",
      "children": [
        {
          "id": "d79284b7-b131-4775-a5cc-9763eeeaa8ae",
          "name": "Frame 2",
          "type": "frame",
          "shape": {
            "type": "rect",
            "x": 62.64873874211332,
            "y": 755.4222959578051,
            "width": 305.45170473952817,
            "height": 364.7452709536717
          },
          "fitMode": "cover",
          "designSlotId": "design1",
          "visible": true,
          "opacity": 1,
          "blendMode": "normal",
          "designTransform": {
            "x": -250.57576789922288,
            "y": 71.53397740546654,
            "scale": 0.5685943191368891,
            "rotation": 0
          },
          "warp": {
            "rows": 4,
            "cols": 4,
            "points": [
              {
                "x": 0,
                "y": 0
              },
              {
                "x": 0.3333333333333333,
                "y": 0
              },
              {
                "x": 0.6666666666666666,
                "y": 0
              },
              {
                "x": 1,
                "y": 0
              },
              {
                "x": 0,
                "y": 0.3333333333333333
              },
              {
                "x": 0.3333333333333333,
                "y": 0.3333333333333333
              },
              {
                "x": 0.6666666666666666,
                "y": 0.3333333333333333
              },
              {
                "x": 1,
                "y": 0.3333333333333333
              },
              {
                "x": 0,
                "y": 0.6666666666666666
              },
              {
                "x": 0.3333333333333333,
                "y": 0.6666666666666666
              },
              {
                "x": 0.6666666666666666,
                "y": 0.6666666666666666
              },
              {
                "x": 1,
                "y": 0.6666666666666666
              },
              {
                "x": 0.007829411764705873,
                "y": 0.9344334975369459
              },
              {
                "x": 0.3372480392156863,
                "y": 0.9836083743842365
              },
              {
                "x": 0.6666666666666666,
                "y": 1
              },
              {
                "x": 1,
                "y": 1
              }
            ]
          }
        }
      ],
      "visible": true,
      "opacity": 1,
      "blendMode": "normal"
    }
  ],
  "updatedAt": 1769396591954,
  "backgroundURL": "./assets/03a08e18-1530-4bc3-ad21-6ec180ede049.jpg"
}