{
  "version": 2,
  "id": "0580b69a-58e0-4b42-9f08-f58e65bf282b",
  "name": "9RUg4c6n9cBDumh3",
  "width": 1143,
  "height": 2048,
  "layers": [
    {
      "id": "ae210666-b01e-4cc6-8c1d-2ceab13255d9",
      "name": "Frame 1",
      "type": "group",
      "children": [
        {
          "id": "d8e99896-a253-494b-b99c-f313072aa0ef",
          "name": "Frame 1",
          "type": "frame",
          "shape": {
            "type": "rect",
            "x": 216.71762167876182,
            "y": 763.7486907438715,
            "width": 733.7036381692037,
            "height": 722.5628020147907
          },
          "fitMode": "cover",
          "designSlotId": "design1",
          "visible": true,
          "opacity": 1,
          "blendMode": "normal",
          "designTransform": {
            "x": 3.183096044117974,
            "y": 4.7746440661771885,
            "scale": 0.9002169197396965,
            "rotation": 0
          },
          "warp": {
            "rows": 4,
            "cols": 4,
            "points": [
              {
                "x": 0,
                "y": 0
              },
              {
                "x": 0.3333333333333333,
                "y": 0
              },
              {
                "x": 0.6666666666666666,
                "y": 0
              },
              {
                "x": 1,
                "y": 0
              },
              {
                "x": 0,
                "y": 0.3333333333333333
              },
              {
                "x": 0.3333333333333333,
                "y": 0.3333333333333333
              },
              {
                "x": 0.6666666666666666,
                "y": 0.3333333333333333
              },
              {
                "x": 1,
                "y": 0.3333333333333333
              },
              {
                "x": 0,
                "y": 0.6666666666666666
              },
              {
                "x": 0.3333333333333333,
                "y": 0.6666666666666666
              },
              {
                "x": 0.6666666666666666,
                "y": 0.6666666666666666
              },
              {
                "x": 1,
                "y": 0.6666666666666666
              },
              {
                "x": 0,
                "y": 1
              },
              {
                "x": 0.3333333333333333,
                "y": 1
              },
              {
                "x": 0.6666666666666666,
                "y": 1
              },
              {
                "x": 1,
                "y": 1
              }
            ]
          }
        }
      ],
      "visible": true,
      "opacity": 1,
      "blendMode": "normal"
    }
  ],
  "updatedAt": 1767003467510,
  "backgroundURL": "./assets/0580b69a-58e0-4b42-9f08-f58e65bf282b.jpg"
}