{
  "version": 2,
  "id": "15a139dc-9c0c-45df-94b2-34b87f1f305f",
  "name": "2",
  "width": 1143,
  "height": 2048,
  "layers": [
    {
      "id": "cde60754-f8b0-4964-91e1-cc3b19b8a37b",
      "name": "Frame 1",
      "type": "group",
      "children": [
        {
          "id": "b234955d-6638-425f-992a-1ec0f34389fb",
          "name": "Frame 1",
          "type": "frame",
          "shape": {
            "type": "rect",
            "x": 115.24968710888606,
            "y": 515.2040050062578,
            "width": 968.8911138923654,
            "height": 868.9261576971214
          },
          "fitMode": "cover",
          "designSlotId": "design1",
          "visible": true,
          "opacity": 1,
          "blendMode": "normal",
          "designTransform": {
            "x": -726.712185831137,
            "y": 187.5703699251079,
            "scale": 0.5428469705570041,
            "rotation": 0
          },
          "warp": {
            "rows": 4,
            "cols": 4,
            "points": [
              {
                "x": 0.018940518543058157,
                "y": -0.10309746583824303
              },
              {
                "x": 0.3553811617565558,
                "y": -0.05076343797050112
              },
              {
                "x": 0.6373601264186821,
                "y": -0.03885515400727939
              },
              {
                "x": 0.9600168152741025,
                "y": -0.0990186432662418
              },
              {
                "x": 0.009158869199416643,
                "y": 0.2259108216909329
              },
              {
                "x": 0.3476694694730723,
                "y": 0.3140641150968041
              },
              {
                "x": 0.6561320910716405,
                "y": 0.3228514273956191
              },
              {
                "x": 0.9987554610800446,
                "y": 0.23380358735526766
              },
              {
                "x": -0.0017276036730944795,
                "y": 0.581205853931572
              },
              {
                "x": 0.33909399468274126,
                "y": 0.7008797289674648
              },
              {
                "x": 0.6681621397762253,
                "y": 0.7003339713979534
              },
              {
                "x": 0.9965830724876533,
                "y": 0.5740923143617142
              },
              {
                "x": 0.007823107024586894,
                "y": 0.8877502803581651
              },
              {
                "x": 0.3450727012845395,
                "y": 1.0075486998836127
              },
              {
                "x": 0.6669456895981106,
                "y": 1.0039686508645602
              },
              {
                "x": 0.985144142710694,
                "y": 0.8842301964146037
              }
            ]
          }
        }
      ],
      "visible": true,
      "opacity": 1,
      "blendMode": "normal"
    }
  ],
  "updatedAt": 1769396889378,
  "backgroundURL": "./assets/15a139dc-9c0c-45df-94b2-34b87f1f305f.jpg"
}