{
  "version": 2,
  "id": "33b972c1-3079-4c50-ae77-6655b903223a",
  "name": "6",
  "width": 1181,
  "height": 2048,
  "layers": [
    {
      "id": "514b6118-ee0c-47a8-9f88-31e968528fab",
      "name": "car sunshade",
      "type": "group",
      "children": [
        {
          "id": "10576872-53d0-44c3-9bcb-9906c5e3c10f",
          "name": "Frame Content",
          "type": "frame",
          "shape": {
            "type": "rect",
            "x": 0,
            "y": 0,
            "width": 1181,
            "height": 2048
          },
          "fitMode": "cover",
          "visible": true,
          "opacity": 1,
          "blendMode": "normal",
          "designSlotId": "design1",
          "designTransform": {
            "x": 25.65136496730338,
            "y": -265.92637666708526,
            "scale": 0.5541920105573971,
            "rotation": 0
          }
        },
        {
          "id": "a371e3fb-9c62-4665-9336-83ca14a66c14",
          "name": "Shape Mask",
          "type": "mask",
          "maskRef": "74c4fda0ed52c07f041b5d02112a726186016f828700806249ec608d743def39",
          "maskMeta": {
            "w": 1568,
            "h": 2720
          },
          "visible": true,
          "opacity": 1,
          "blendMode": "normal"
        }
      ],
      "visible": true,
      "opacity": 1,
      "blendMode": "normal"
    }
  ],
  "updatedAt": 1766734571798,
  "backgroundURL": "./assets/33b972c1-3079-4c50-ae77-6655b903223a.jpg"
}