{
  "version": 2,
  "id": "36c5b994-e6cf-450f-a416-e3c1b8fbed4a",
  "name": "4",
  "width": 1152,
  "height": 2048,
  "layers": [
    {
      "id": "aff6e70b-6fcf-4753-9151-990cfdfb56fb",
      "name": "Frame 1",
      "type": "group",
      "children": [
        {
          "id": "5de7334e-e452-47b4-8cb5-21c9b3cadb99",
          "name": "Frame 1",
          "type": "frame",
          "shape": {
            "type": "rect",
            "x": 329.426773576233,
            "y": 668.8896421812863,
            "width": 503.39391301263987,
            "height": 406.00804828840853
          },
          "fitMode": "cover",
          "designSlotId": "design1",
          "visible": true,
          "opacity": 1,
          "blendMode": "normal",
          "designTransform": {
            "x": -366.9628766955578,
            "y": 81.97466721456419,
            "scale": 0.5842747503704666,
            "rotation": 0
          },
          "warp": {
            "rows": 4,
            "cols": 4,
            "points": [
              {
                "x": 0,
                "y": 0
              },
              {
                "x": 0.3333333333333333,
                "y": 0
              },
              {
                "x": 0.6666666666666666,
                "y": 0
              },
              {
                "x": 1,
                "y": 0
              },
              {
                "x": 0,
                "y": 0.3333333333333333
              },
              {
                "x": 0.3333333333333333,
                "y": 0.3333333333333333
              },
              {
                "x": 0.6666666666666666,
                "y": 0.3333333333333333
              },
              {
                "x": 1,
                "y": 0.3333333333333333
              },
              {
                "x": 0,
                "y": 0.6666666666666666
              },
              {
                "x": 0.3333333333333333,
                "y": 0.6666666666666666
              },
              {
                "x": 0.6666666666666666,
                "y": 0.6666666666666666
              },
              {
                "x": 1,
                "y": 0.6666666666666666
              },
              {
                "x": 0,
                "y": 0.9277100160951686
              },
              {
                "x": 0.3333333333333333,
                "y": 1
              },
              {
                "x": 0.6666666666666666,
                "y": 1
              },
              {
                "x": 0.9935216814159292,
                "y": 0.9330648297177484
              }
            ]
          }
        }
      ],
      "visible": true,
      "opacity": 1,
      "blendMode": "normal"
    }
  ],
  "updatedAt": 1769396636402,
  "backgroundURL": "./assets/36c5b994-e6cf-450f-a416-e3c1b8fbed4a.jpg"
}