{
  "version": 2,
  "id": "3852d11e-7aab-4b2e-b45c-cad7f9e66467",
  "name": "4",
  "width": 1170,
  "height": 2048,
  "layers": [
    {
      "id": "5e02826e-ff67-4d0b-9790-cbef19f37e2e",
      "name": "Frame 1 Group",
      "type": "group",
      "children": [
        {
          "id": "a61d5342-0913-4fdb-92aa-de323385f1e6",
          "name": "Frame 1",
          "type": "frame",
          "shape": {
            "type": "rect",
            "x": 143.42379182156134,
            "y": 837.4721189591078,
            "width": 631.910780669145,
            "height": 784.1784386617101
          },
          "fitMode": "cover",
          "designSlotId": "design1",
          "designTransform": {
            "x": 30.453531598512996,
            "y": 2.5377942998761682,
            "scale": 0.737768125965545,
            "rotation": 0,
            "opacity": 1
          }
        }
      ]
    }
  ],
  "updatedAt": 1766106872193,
  "backgroundURL": "./assets/3852d11e-7aab-4b2e-b45c-cad7f9e66467.jpg"
}