{
  "version": 2,
  "id": "473c295b-78cd-4ed9-abbe-4d72b1c881cc",
  "name": "cầm",
  "width": 1143,
  "height": 2048,
  "layers": [
    {
      "id": "1edf94a5-98fd-47ad-b4a8-3c0f7b6a907d",
      "name": "freepik__a-topdown-shot-of-a-gray-mercedes-car-parked-on-as__91445",
      "type": "group",
      "children": [
        {
          "id": "3acbf17a-98d0-464d-b4c8-71023925eff9",
          "name": "Frame Content",
          "type": "frame",
          "shape": {
            "type": "rect",
            "x": 0,
            "y": 0,
            "width": 1143,
            "height": 2048
          },
          "fitMode": "cover",
          "visible": true,
          "opacity": 1,
          "blendMode": "normal",
          "designSlotId": "design1",
          "designTransform": {
            "x": 1,
            "y": 278.51833792240313,
            "scale": 0.5305091038149576,
            "rotation": 0
          },
          "warp": {
            "rows": 4,
            "cols": 4,
            "points": [
              {
                "x": 0,
                "y": 0
              },
              {
                "x": 0.3333333333333333,
                "y": 0
              },
              {
                "x": 0.6666666666666666,
                "y": 0
              },
              {
                "x": 1,
                "y": 0
              },
              {
                "x": 0.009053798584493438,
                "y": 0.3265172576422709
              },
              {
                "x": 0.3333333333333333,
                "y": 0.3333333333333333
              },
              {
                "x": 0.6666666666666666,
                "y": 0.3333333333333333
              },
              {
                "x": 0.9949454774102588,
                "y": 0.3333333333333333
              },
              {
                "x": 0.011333213837763518,
                "y": 0.6655288807979671
              },
              {
                "x": 0.3282788107435921,
                "y": 0.6713682611654249
              },
              {
                "x": 0.6649818258034196,
                "y": 0.6619650721679083
              },
              {
                "x": 0.9797819096410351,
                "y": 0.6676069855664183
              },
              {
                "x": 0,
                "y": 1
              },
              {
                "x": 0.3333333333333333,
                "y": 1
              },
              {
                "x": 0.6666666666666666,
                "y": 1
              },
              {
                "x": 1,
                "y": 1
              }
            ]
          }
        },
        {
          "id": "07dd85e1-2a7c-4be1-8b2a-a61c595d5a23",
          "name": "Shape Mask",
          "type": "mask",
          "maskRef": "53c074d2c736b592199bbcc8397039208ce44484066ba4cfb21e4d1d107f985a",
          "maskMeta": {
            "w": 1143,
            "h": 2048
          },
          "visible": true,
          "opacity": 1,
          "blendMode": "normal"
        }
      ],
      "visible": true,
      "opacity": 1,
      "blendMode": "normal"
    }
  ],
  "updatedAt": 1766734554284,
  "backgroundURL": "./assets/473c295b-78cd-4ed9-abbe-4d72b1c881cc.jpg"
}