{
  "version": 2,
  "id": "4d0fbb3f-b68b-41df-8e50-5f4cf757d97a",
  "name": "vuốt",
  "width": 1152,
  "height": 2048,
  "layers": [
    {
      "id": "57f0d2c7-214f-407e-943d-9ea3fc61cf45",
      "name": "Frame 1 Group",
      "type": "group",
      "children": [
        {
          "id": "d5cc00eb-e0cb-448b-bafc-b35f26db931b",
          "name": "Frame 1",
          "type": "frame",
          "shape": {
            "type": "rect",
            "x": 223.24659231722427,
            "y": 535.4745972738538,
            "width": 677.5910780669146,
            "height": 852.6988847583646
          },
          "fitMode": "cover",
          "designSlotId": "design1",
          "designTransform": {
            "x": 433.96282527881056,
            "y": 10.151177199504446,
            "scale": 0.816103826090983,
            "rotation": 0,
            "opacity": 1
          }
        },
        {
          "id": "496490fc-e68b-4763-9cf4-b96cce984810",
          "name": "Frame 1 Mask",
          "type": "mask",
          "maskRef": "81f89ed1f369f68f53256b9b3f1626213b3fdd39b92dff7279abc7c4217ccb0a",
          "maskMeta": {
            "w": 678,
            "h": 853
          }
        }
      ]
    }
  ],
  "updatedAt": 1766106871389,
  "backgroundURL": "./assets/4d0fbb3f-b68b-41df-8e50-5f4cf757d97a.jpg"
}