{
  "version": 2,
  "id": "5156ad64-7780-4de9-9d90-2e04397f9853",
  "name": "rót nước 2",
  "width": 1152,
  "height": 2048,
  "layers": [
    {
      "id": "b2d3a5f7-b3ec-419c-953d-95ba50f3ed9e",
      "name": "Frame 1 Group",
      "type": "group",
      "children": [
        {
          "id": "9363d6bc-7468-4f1d-bc28-d04b27524666",
          "name": "Frame 1",
          "type": "frame",
          "shape": {
            "type": "rect",
            "x": 195.33085501858736,
            "y": 664.9021065675341,
            "width": 789.2540272614622,
            "height": 977.0508054522924
          },
          "fitMode": "cover",
          "designSlotId": "design1",
          "designTransform": {
            "x": 517.7100371747212,
            "y": -2.5377942998760545,
            "scale": 0.8540289631275445,
            "rotation": 0,
            "opacity": 0
          }
        }
      ]
    },
    {
      "id": "c0b02934-066a-4c8e-b573-7f19ebea3434",
      "name": "Frame 2 Group",
      "type": "group",
      "children": [
        {
          "id": "69dde8ee-e36e-4709-9515-df069ffb71fe",
          "name": "Frame 2",
          "type": "frame",
          "shape": {
            "type": "rect",
            "x": 0,
            "y": 0,
            "width": 1152,
            "height": 2048
          },
          "fitMode": "cover",
          "designSlotId": "design1",
          "designTransform": {
            "x": 517.3677393658608,
            "y": 125.40473672057021,
            "scale": 0.39927842124715457,
            "rotation": 0,
            "opacity": 1
          }
        },
        {
          "id": "cea58eb6-7156-40b6-b829-e82fa2ce1b54",
          "name": "Frame 2 Mask",
          "type": "mask",
          "maskRef": "28165735e451d936d6df187f052ddc5e73a897a2285f69294bfceac80956e7bd",
          "maskMeta": {
            "w": 648,
            "h": 1152
          }
        }
      ]
    }
  ],
  "updatedAt": 1766106871974,
  "backgroundURL": "./assets/5156ad64-7780-4de9-9d90-2e04397f9853.jpg"
}