{
  "version": 2,
  "id": "602be59d-2b3c-4b88-a9e1-fe0534e051df",
  "name": "đặt 2",
  "width": 1170,
  "height": 2048,
  "layers": [
    {
      "id": "bd1c1ac4-27e4-48cc-98f5-2aba2074a2a3",
      "name": "Frame 1 Group",
      "type": "group",
      "children": [
        {
          "id": "618d0288-9349-4726-ac34-5b030264e2c7",
          "name": "Frame 1",
          "type": "frame",
          "shape": {
            "type": "rect",
            "x": 235.48611733742246,
            "y": 616.6840148698884,
            "width": 735.2924544874263,
            "height": 954.2106567534079
          },
          "fitMode": "cover",
          "designSlotId": "design1",
          "designTransform": {
            "x": 485.67388757824324,
            "y": 17.250089932996616,
            "scale": 0.82446321345421,
            "rotation": 0,
            "opacity": 1
          },
          "warp": {
            "rows": 4,
            "cols": 4,
            "points": [
              {
                "x": -0.00003797792022835903,
                "y": -0.02018184447073383
              },
              {
                "x": 0.33075225390442314,
                "y": 0.028254582259027314
              },
              {
                "x": 0.6718668034447154,
                "y": 0.024218213364880573
              },
              {
                "x": 0.9974948764115465,
                "y": -0.018163660023660454
              },
              {
                "x": -0.004365095581897547,
                "y": 0.33131514888625996
              },
              {
                "x": 0.3315872951005743,
                "y": 0.3328848479006503
              },
              {
                "x": 0.6675396857830462,
                "y": 0.33445454691504073
              },
              {
                "x": 1.003492076465518,
                "y": 0.33602424592943114
              },
              {
                "x": -0.0061111338146565735,
                "y": 0.6626302977725199
              },
              {
                "x": 0.3298412568678153,
                "y": 0.6637515113542272
              },
              {
                "x": 0.6657936475502871,
                "y": 0.6648727249359347
              },
              {
                "x": 1.001746038232759,
                "y": 0.6659939385176421
              },
              {
                "x": 0.005048225097135244,
                "y": 0.9071635154346245
              },
              {
                "x": 0.32809521863505625,
                "y": 0.9946181748078043
              },
              {
                "x": 0.664047609317528,
                "y": 0.9952909029568288
              },
              {
                "x": 0.9870946028554491,
                "y": 0.9031271465404778
              }
            ]
          }
        }
      ]
    }
  ],
  "updatedAt": 1766735197388,
  "backgroundURL": "./assets/602be59d-2b3c-4b88-a9e1-fe0534e051df.jpg"
}