{
  "version": 2,
  "id": "60c14988-04a5-49e6-bff6-d3f5e5039d86",
  "name": "M2",
  "width": 1152,
  "height": 2048,
  "layers": [
    {
      "id": "6c5444e5-704d-4fc0-9011-afee414354e5",
      "name": "Frame 1 Group",
      "type": "group",
      "children": [
        {
          "id": "deb54995-bc3b-4b72-9bf9-0fd2f6d2c654",
          "name": "Frame 1",
          "type": "frame",
          "shape": {
            "type": "rect",
            "x": 280.2903900803355,
            "y": 615.5367838648799,
            "width": 649.4317626105282,
            "height": 655.3753315383203
          },
          "fitMode": "cover",
          "designSlotId": "design1",
          "designTransform": {
            "x": -338.12332222007007,
            "y": -0.49480987707602253,
            "scale": 1.0308176413083074,
            "rotation": 0,
            "opacity": 1
          }
        },
        {
          "id": "7a3e3532-cef9-42bf-aa9c-59ad0b5a50e9",
          "name": "Frame 1 Mask",
          "type": "mask",
          "maskRef": "1365fe657f55a8f2b78be8204bc48565a74641fb3bd109ddda715348898b032a",
          "maskMeta": {
            "w": 1152,
            "h": 2048
          }
        }
      ]
    }
  ],
  "updatedAt": 1768810869713,
  "backgroundURL": "./assets/60c14988-04a5-49e6-bff6-d3f5e5039d86.jpg"
}