{
  "version": 2,
  "id": "63bd9818-1dd6-4554-9231-12375f5f894a",
  "name": "xe 4",
  "width": 768,
  "height": 1344,
  "layers": [
    {
      "id": "84d8748c-98f1-4b79-8b0c-d25a883ef3ed",
      "name": "car sunshade",
      "type": "group",
      "children": [
        {
          "id": "e4e9018d-ab3d-49e4-a346-b177088011fb",
          "name": "Frame Content",
          "type": "frame",
          "shape": {
            "type": "rect",
            "x": 0,
            "y": 6,
            "width": 768,
            "height": 1332
          },
          "fitMode": "cover",
          "visible": true,
          "opacity": 1,
          "blendMode": "normal",
          "designSlotId": "design1",
          "designTransform": {
            "x": 14.967164781652855,
            "y": -147.80373193764933,
            "scale": 0.5350491615792364,
            "rotation": 0
          }
        },
        {
          "id": "010ab813-0872-49bc-8fef-2d1cf9298fe5",
          "name": "Shape Mask",
          "type": "mask",
          "maskRef": "74c4fda0ed52c07f041b5d02112a726186016f828700806249ec608d743def39",
          "maskMeta": {
            "w": 1568,
            "h": 2720
          },
          "visible": true,
          "opacity": 1,
          "blendMode": "normal",
          "transform": {
            "x": 0,
            "y": 18.17271589486859,
            "scale": 0.9637046307884857,
            "rotation": 0
          }
        }
      ],
      "visible": true,
      "opacity": 1,
      "blendMode": "normal"
    }
  ],
  "updatedAt": 1766461473013,
  "backgroundURL": "./assets/63bd9818-1dd6-4554-9231-12375f5f894a.jpg"
}