{
  "version": 2,
  "id": "6a975323-1596-4490-aeaa-8a9f530e904b",
  "name": "6",
  "width": 1143,
  "height": 2048,
  "layers": [
    {
      "id": "c90ef29b-520f-48e6-956c-180d7ec001f5",
      "name": "Frame 1",
      "type": "group",
      "children": [
        {
          "id": "89d7dd9d-4aae-4dfb-8a40-3767d42566cf",
          "name": "Frame 1",
          "type": "frame",
          "shape": {
            "type": "rect",
            "x": 359.596961544996,
            "y": 635.5167160183494,
            "width": 587.4259063235984,
            "height": 487.5924394853514
          },
          "fitMode": "cover",
          "designSlotId": "design1",
          "visible": true,
          "opacity": 1,
          "blendMode": "normal",
          "designTransform": {
            "x": -439.1038092911584,
            "y": 96.29774499936673,
            "scale": 0.5833205915287949,
            "rotation": 0
          },
          "warp": {
            "rows": 4,
            "cols": 4,
            "points": [
              {
                "x": 0.017831974823075303,
                "y": -0.032544870806059244
              },
              {
                "x": 0.3449080533777005,
                "y": -0.01967438814269304
              },
              {
                "x": 0.6635872757716403,
                "y": -0.024263419949925927
              },
              {
                "x": 0.9944484128012198,
                "y": -0.04012957393539606
              },
              {
                "x": 0.0021706971136349236,
                "y": 0.3117484716359755
              },
              {
                "x": 0.3328024793341938,
                "y": 0.3228332029438799
              },
              {
                "x": 0.6650406967396733,
                "y": 0.32175346177265596
              },
              {
                "x": 0.9965207320783769,
                "y": 0.3084532721573485
              },
              {
                "x": -0.0038052212213995403,
                "y": 0.6224030906092548
              },
              {
                "x": 0.3394170495704334,
                "y": 0.6673433877682793
              },
              {
                "x": 0.6744482593314143,
                "y": 0.670691525400944
              },
              {
                "x": 0.9949668113803045,
                "y": 0.6196505014777858
              },
              {
                "x": 0.006308275376366855,
                "y": 0.9308093626731538
              },
              {
                "x": 0.3512570158252328,
                "y": 0.9982872248871979
              },
              {
                "x": 0.6781869691806327,
                "y": 0.9977002968909501
              },
              {
                "x": 0.9936975289064701,
                "y": 0.9269263639770353
              }
            ]
          }
        }
      ],
      "visible": true,
      "opacity": 1,
      "blendMode": "normal"
    }
  ],
  "updatedAt": 1769396478002,
  "backgroundURL": "./assets/6a975323-1596-4490-aeaa-8a9f530e904b.jpg"
}