{
  "version": 2,
  "id": "85e319ff-5a62-4404-aebe-9fbbb4ffaefe",
  "name": "ổn áp",
  "width": 1143,
  "height": 2048,
  "layers": [
    {
      "id": "df7c0ac1-db4f-449a-b6bc-f42b89f9e693",
      "name": "Frame 1",
      "type": "group",
      "children": [
        {
          "id": "3e6a9648-ae81-48da-bfea-ed4c6d70e885",
          "name": "Frame 1",
          "type": "frame",
          "shape": {
            "type": "rect",
            "x": 483.4192053826958,
            "y": 709.6769361756961,
            "width": 527.7127393058789,
            "height": 411.10205908472994
          },
          "fitMode": "cover",
          "designSlotId": "design1",
          "visible": true,
          "opacity": 1,
          "blendMode": "normal",
          "designTransform": {
            "x": -376.93639484977473,
            "y": -103.59829739860231,
            "scale": 0.5958321606941201,
            "rotation": 11.481821109478888
          },
          "warp": {
            "rows": 4,
            "cols": 4,
            "points": [
              {
                "x": 0.15079928054547698,
                "y": 0.13200516794685702
              },
              {
                "x": 0.3319253258434134,
                "y": -0.011461168915706789
              },
              {
                "x": 0.6653212136657621,
                "y": -0.011111777249812032
              },
              {
                "x": 0.9820060578798095,
                "y": 0.09625441179982085
              },
              {
                "x": 0.06397498871729307,
                "y": 0.43321034991268276
              },
              {
                "x": 0.34106573988185895,
                "y": 0.2967377461577544
              },
              {
                "x": 0.657440641844368,
                "y": 0.3130290155492578
              },
              {
                "x": 0.9748457618494397,
                "y": 0.4441805664971269
              },
              {
                "x": 0.029424277578712556,
                "y": 0.6998894374430398
              },
              {
                "x": 0.35404804310655313,
                "y": 0.49883986843598954
              },
              {
                "x": 0.6493070126575378,
                "y": 0.6019008420483
              },
              {
                "x": 0.9376517492104861,
                "y": 0.7649518102191093
              },
              {
                "x": -0.004119850187265967,
                "y": 0.9563549359614603
              },
              {
                "x": 0.3332448252375565,
                "y": 0.9953301081677344
              },
              {
                "x": 0.6524343039593673,
                "y": 0.9925715864811187
              },
              {
                "x": 0.905398210914043,
                "y": 1.0608233539049734
              }
            ]
          }
        },
        {
          "id": "18cb973e-f7ab-4b7c-a98d-656a90edc119",
          "name": "Frame 1 Mask",
          "type": "mask",
          "maskRef": "986d4100f05bb73221666f953482b3da6e128c4441e4400024cee14c6059c242",
          "maskMeta": {
            "w": 528,
            "h": 411
          }
        }
      ],
      "visible": true,
      "opacity": 1,
      "blendMode": "normal"
    }
  ],
  "updatedAt": 1769397097810,
  "backgroundURL": "./assets/85e319ff-5a62-4404-aebe-9fbbb4ffaefe.jpg"
}