{
  "version": 2,
  "id": "86df2a51-f59a-4c18-b616-04684bb9c91f",
  "name": "3",
  "width": 1152,
  "height": 2048,
  "layers": [
    {
      "id": "af8880fa-408f-4e1c-afdd-47718e657a73",
      "name": "BEANIE (1)",
      "type": "group",
      "children": [
        {
          "id": "2edbf39f-9bdd-42a7-98ae-99052da52a89",
          "name": "Frame Content",
          "type": "frame",
          "shape": {
            "type": "rect",
            "x": 0,
            "y": 0,
            "width": 1152,
            "height": 2048
          },
          "fitMode": "cover",
          "visible": true,
          "opacity": 1,
          "blendMode": "normal",
          "designSlotId": "design1",
          "designTransform": {
            "x": 0,
            "y": -74.33291614518146,
            "scale": 0.5306633291614518,
            "rotation": 0
          }
        },
        {
          "id": "f0fc7f41-cebe-4adf-a12c-ad0ac3bdf25a",
          "name": "Shape Mask",
          "type": "mask",
          "maskRef": "cec0abedf43dfa67ff81902d9e2826c85f792abd18c59e2de40cccb131009e41",
          "maskMeta": {
            "w": 1080,
            "h": 1920
          },
          "visible": true,
          "opacity": 1,
          "blendMode": "normal"
        }
      ],
      "visible": true,
      "opacity": 1,
      "blendMode": "normal"
    }
  ],
  "updatedAt": 1766106872311,
  "backgroundURL": "./assets/86df2a51-f59a-4c18-b616-04684bb9c91f.jpg"
}