{
  "version": 2,
  "id": "86eacebf-f443-4464-b88a-cf72718d468e",
  "name": "7",
  "width": 1143,
  "height": 2048,
  "layers": [
    {
      "id": "b4dfde48-40ab-4712-9932-5bb20023b319",
      "name": "Frame 1",
      "type": "group",
      "children": [
        {
          "id": "053a46ed-38d0-49bd-a4b8-4f49f216a1f9",
          "name": "Frame 1",
          "type": "frame",
          "shape": {
            "type": "rect",
            "x": 417.93722725198495,
            "y": 581.1217414654334,
            "width": 493.2483539439081,
            "height": 411.69795942518215
          },
          "fitMode": "cover",
          "designSlotId": "design1",
          "visible": true,
          "opacity": 1,
          "blendMode": "normal",
          "designTransform": {
            "x": -361.4862510720983,
            "y": 82.56206888166969,
            "scale": 0.5684733606325851,
            "rotation": 0
          },
          "warp": {
            "rows": 4,
            "cols": 4,
            "points": [
              {
                "x": 0,
                "y": 0
              },
              {
                "x": 0.3333333333333333,
                "y": 0
              },
              {
                "x": 0.6666666666666666,
                "y": 0
              },
              {
                "x": 1,
                "y": 0
              },
              {
                "x": 0.004007012271475138,
                "y": 0.3693388349739836
              },
              {
                "x": 0.32932632106185805,
                "y": 0.3597373678698108
              },
              {
                "x": 0.6706736789381417,
                "y": 0.3669384681979407
              },
              {
                "x": 0.9979964938642626,
                "y": 0.3717392017500274
              },
              {
                "x": 0.006010518407212649,
                "y": 0.6666666666666666
              },
              {
                "x": 0.3333333333333333,
                "y": 0.6666666666666666
              },
              {
                "x": 0.6666666666666666,
                "y": 0.6666666666666666
              },
              {
                "x": 1,
                "y": 0.6666666666666666
              },
              {
                "x": 0.005333333333333374,
                "y": 0.9392971246006391
              },
              {
                "x": 0.3333333333333333,
                "y": 1
              },
              {
                "x": 0.672,
                "y": 0.9999999999999999
              },
              {
                "x": 1,
                "y": 0.9424920127795526
              }
            ]
          }
        }
      ],
      "visible": true,
      "opacity": 1,
      "blendMode": "normal"
    }
  ],
  "updatedAt": 1769397176074,
  "backgroundURL": "./assets/86eacebf-f443-4464-b88a-cf72718d468e.jpg"
}