{
  "version": 2,
  "id": "91d52878-0c3b-4f1c-973f-737428a9c23f",
  "name": "1",
  "width": 1152,
  "height": 2048,
  "layers": [
    {
      "id": "b34faae3-9264-4983-8a07-ac3f178e5e9d",
      "name": "Frame 1 Group",
      "type": "group",
      "children": [
        {
          "id": "45a315f5-f31f-4789-a422-0c358efac0c8",
          "name": "Frame 1",
          "type": "frame",
          "shape": {
            "type": "rect",
            "x": 114.88588957055221,
            "y": 703.6073619631902,
            "width": 889.560736196319,
            "height": 821.7128834355829
          },
          "fitMode": "cover",
          "designSlotId": "design1",
          "designTransform": {
            "x": 0,
            "y": 0,
            "scale": 1,
            "rotation": 0,
            "opacity": 1
          }
        },
        {
          "id": "583b9b36-e42f-46f2-bd9e-f88b082681dc",
          "name": "Frame 1 Mask",
          "type": "mask",
          "maskRef": "7b497f92e3f908a24c42909174d5a9947542497300c27efab3dd004cb5bdb72f",
          "maskMeta": {
            "w": 890,
            "h": 822
          }
        }
      ]
    }
  ],
  "updatedAt": 1766106870414,
  "backgroundURL": "./assets/91d52878-0c3b-4f1c-973f-737428a9c23f.jpg"
}