{
  "version": 2,
  "id": "97f88543-576d-4a42-b0b2-6e6a6ccc32a1",
  "name": "xe 3",
  "width": 768,
  "height": 1344,
  "layers": [
    {
      "id": "f0404e69-7bf6-46db-b078-e899386bd765",
      "name": "car sunshade",
      "type": "group",
      "children": [
        {
          "id": "7d0b4d9b-ab45-42f5-8eb2-c8c5b5d3a9b2",
          "name": "Frame Content",
          "type": "frame",
          "shape": {
            "type": "rect",
            "x": 0,
            "y": 6,
            "width": 768,
            "height": 1332
          },
          "fitMode": "cover",
          "visible": true,
          "opacity": 1,
          "blendMode": "normal",
          "designSlotId": "design1",
          "designTransform": {
            "x": 20.46057571964957,
            "y": -176.93867334167714,
            "scale": 0.5695939209638138,
            "rotation": 0
          }
        },
        {
          "id": "82296943-fc44-45e7-9af9-672073c192a8",
          "name": "Shape Mask",
          "type": "mask",
          "maskRef": "1b57d694e39e3660d18b12c226eab796d9ff8e244ace20ff42129153de239cc8",
          "maskMeta": {
            "w": 768,
            "h": 1332
          },
          "visible": true,
          "opacity": 1,
          "blendMode": "normal"
        }
      ],
      "visible": true,
      "opacity": 1,
      "blendMode": "normal"
    }
  ],
  "updatedAt": 1766453347936,
  "backgroundURL": "./assets/97f88543-576d-4a42-b0b2-6e6a6ccc32a1.jpg"
}