{
  "version": 2,
  "id": "9a53cbd4-1f74-4ed2-be56-3af14813112c",
  "name": "BEANIE (5)",
  "width": 1152,
  "height": 2048,
  "layers": [
    {
      "id": "f396288f-0f60-4f34-8a3e-7d75521c8859",
      "name": "Frame 1 Group",
      "type": "group",
      "children": [
        {
          "id": "22408edf-a2ce-40f1-87ff-a531f2a7905e",
          "name": "Frame 1",
          "type": "frame",
          "shape": {
            "type": "rect",
            "x": 0,
            "y": -8.374721189590673,
            "width": 1152,
            "height": 2056.3747211895907
          },
          "fitMode": "cover",
          "designSlotId": "design1",
          "designTransform": {
            "x": -73.59603469640638,
            "y": -43.142503097893496,
            "scale": 0.5659854088849497,
            "rotation": -15.040305852915651,
            "opacity": 1
          }
        },
        {
          "id": "9b196dc7-b76e-4b1f-a6be-770902bf060a",
          "name": "Frame 1 Mask",
          "type": "mask",
          "maskRef": "ba8cdc7a7425a91f8eecdacd02f600262fe9b7d9edf2bf12c5d9e0394af35f71",
          "maskMeta": {
            "w": 648,
            "h": 1152
          }
        }
      ]
    }
  ],
  "updatedAt": 1766106872448,
  "backgroundURL": "./assets/9a53cbd4-1f74-4ed2-be56-3af14813112c.jpg"
}