{
  "version": 2,
  "id": "a7184e7b-26f1-470f-80c3-1ec39105303d",
  "name": "rót nước",
  "width": 1152,
  "height": 2048,
  "layers": [
    {
      "id": "0709cb1d-804e-47ce-8f32-165b6b38a0ae",
      "name": "Frame 1 Group",
      "type": "group",
      "children": [
        {
          "id": "4084d5fd-56df-4608-be61-848cf106bd44",
          "name": "Frame 1",
          "type": "frame",
          "shape": {
            "type": "rect",
            "x": 187.71747211895917,
            "y": 708.0446096654276,
            "width": 763.8760842627012,
            "height": 931.3705080545228
          },
          "fitMode": "cover",
          "designSlotId": "design1",
          "designTransform": {
            "x": 484.7187112763321,
            "y": 20.302354399008664,
            "scale": 0.8322671944368493,
            "rotation": 0,
            "opacity": 1
          }
        }
      ]
    }
  ],
  "updatedAt": 1766106871594,
  "backgroundURL": "./assets/a7184e7b-26f1-470f-80c3-1ec39105303d.jpg"
}