{
  "version": 2,
  "id": "acadf81e-2ef9-4505-8aa8-baae4ccb3f7c",
  "name": "6",
  "width": 1152,
  "height": 2048,
  "layers": [
    {
      "id": "c67f68a0-b151-48c1-8c74-3f5fd13067c7",
      "name": "Frame 1",
      "type": "group",
      "children": [
        {
          "id": "8935e023-41b8-47b5-8e9d-66e0e71cecbe",
          "name": "Frame 1",
          "type": "frame",
          "shape": {
            "type": "rect",
            "x": 319.00621553124097,
            "y": 945.2992633363006,
            "width": 544.3094235441813,
            "height": 630.253016735368
          },
          "fitMode": "cover",
          "designSlotId": "design1",
          "visible": true,
          "opacity": 1,
          "blendMode": "normal",
          "designTransform": {
            "x": 0,
            "y": -15.915480220590098,
            "scale": 0.8088990047752932,
            "rotation": 0
          }
        }
      ],
      "visible": true,
      "opacity": 1,
      "blendMode": "normal"
    }
  ],
  "updatedAt": 1766379297490,
  "backgroundURL": "./assets/acadf81e-2ef9-4505-8aa8-baae4ccb3f7c.jpg"
}