{
  "version": 2,
  "id": "bd94911a-8c51-45f7-8cbe-1bed8bc749dd",
  "name": "khuấy 2",
  "width": 1152,
  "height": 2048,
  "layers": [
    {
      "id": "4f712f21-c891-4931-b2e2-b32a97bb2cd7",
      "name": "Frame 1 Group",
      "type": "group",
      "children": [
        {
          "id": "7364f4d3-0ab5-49dd-9ada-bfac8b96bd77",
          "name": "Frame 1",
          "type": "frame",
          "shape": {
            "type": "rect",
            "x": 202.94423791821563,
            "y": 746.1115241635688,
            "width": 771.4894671623297,
            "height": 951.6728624535316
          },
          "fitMode": "cover",
          "designSlotId": "design1",
          "designTransform": {
            "x": 496.3762177000125,
            "y": 22.972120235587454,
            "scale": 0.8383099778157876,
            "rotation": 0,
            "opacity": 1
          },
          "warp": {
            "rows": 4,
            "cols": 4,
            "points": [
              {
                "x": -0.002081376159543076,
                "y": -0.03892229946606426
              },
              {
                "x": 0.3210781635311079,
                "y": 0.023141633695667324
              },
              {
                "x": 0.6570645707096577,
                "y": 0.008091492699205852
              },
              {
                "x": 1.0046552262621467,
                "y": -0.04222305503053586
              },
              {
                "x": -0.0013413485268354104,
                "y": 0.27100037416852196
              },
              {
                "x": 0.3172526212569744,
                "y": 0.35731667381213905
              },
              {
                "x": 0.653442232875112,
                "y": 0.36928809540986185
              },
              {
                "x": 1.0021979255463758,
                "y": 0.3020887532863462
              },
              {
                "x": 0.004995632068237888,
                "y": 0.5927755841465802
              },
              {
                "x": 0.32217896846437133,
                "y": 0.6869699313805877
              },
              {
                "x": 0.6549067938233428,
                "y": 0.6965892750055728
              },
              {
                "x": 1.0000289485216798,
                "y": 0.6329552819044205
              },
              {
                "x": 0.006834565487064664,
                "y": 0.9381256799288256
              },
              {
                "x": 0.3264154171834687,
                "y": 0.998954685217509
              },
              {
                "x": 0.6545832712553896,
                "y": 1.004483854671473
              },
              {
                "x": 0.9953412855940108,
                "y": 0.9488941955561092
              }
            ]
          },
          "opacity": 1
        }
      ]
    }
  ],
  "updatedAt": 1766735092508,
  "backgroundURL": "./assets/bd94911a-8c51-45f7-8cbe-1bed8bc749dd.jpg"
}