{
  "version": 2,
  "id": "bf757766-4f11-43c4-9cbb-da0ddf4bfd74",
  "name": "01",
  "width": 1125,
  "height": 2000,
  "layers": [
    {
      "id": "a592239b-e9af-4088-8365-638345faecb7",
      "name": "Frame 1 Group",
      "type": "group",
      "children": [
        {
          "id": "d0726f86-0fce-473c-9fc1-0190e9f1a6d2",
          "name": "Frame 1",
          "type": "frame",
          "shape": {
            "type": "rect",
            "x": 213.7272162386081,
            "y": 739.9673777961889,
            "width": 718.3098591549295,
            "height": 653.6868268434134
          },
          "fitMode": "cover",
          "designSlotId": "design1",
          "designTransform": {
            "x": -9.942004971002461,
            "y": -4.971002485501231,
            "scale": 1.0810624650400373,
            "rotation": 0,
            "opacity": 1
          }
        },
        {
          "id": "d361fda3-a7fb-48b5-a551-b5a394de3f86",
          "name": "Frame 1 Mask",
          "type": "mask",
          "maskRef": "416659aa16808970de586bd223f69f65919199108bc789111dfc9f7f4d894a0c",
          "maskMeta": {
            "w": 718,
            "h": 654
          }
        }
      ]
    }
  ],
  "updatedAt": 1766106870921,
  "backgroundURL": "./assets/bf757766-4f11-43c4-9cbb-da0ddf4bfd74.jpg"
}