{
  "version": 2,
  "id": "ccd44c97-32eb-40f7-8757-7cd358a744ce",
  "name": "hộp quà",
  "width": 1170,
  "height": 2048,
  "layers": [
    {
      "id": "2a80d221-f809-42cd-8c70-6b8a34b399c2",
      "name": "Frame 1",
      "type": "group",
      "children": [
        {
          "id": "d9710ac1-3238-4e18-93d3-1425d5aeffdf",
          "name": "Frame 1",
          "type": "frame",
          "shape": {
            "type": "rect",
            "x": 262.4170732334894,
            "y": 627.1180085552767,
            "width": 639.0065308566927,
            "height": 629.1130665000098
          },
          "fitMode": "cover",
          "designSlotId": "design1",
          "visible": true,
          "opacity": 1,
          "blendMode": "normal",
          "transform": {
            "x": 0,
            "y": 0,
            "scale": 1,
            "rotation": 360,
            "opacity": 1
          },
          "designTransform": {
            "x": -266.07092672091255,
            "y": 117.07850902614996,
            "scale": 0.6852272579225981,
            "rotation": -20.50580411910647
          }
        }
      ],
      "visible": true,
      "opacity": 1,
      "blendMode": "normal"
    }
  ],
  "updatedAt": 1766369369724,
  "backgroundURL": "./assets/ccd44c97-32eb-40f7-8757-7cd358a744ce.jpg"
}