{
  "version": 2,
  "id": "ce8fb2c7-f20c-4204-a07e-368278766816",
  "name": "04",
  "width": 900,
  "height": 1600,
  "layers": [
    {
      "id": "453ad914-e6b4-4c7c-80d8-0749233192df",
      "name": "Frame 1 Group",
      "type": "group",
      "children": [
        {
          "id": "5354ee9c-a58f-4f9f-8862-bf84d29a186b",
          "name": "Frame 1",
          "type": "frame",
          "shape": {
            "type": "rect",
            "x": 192.854183927092,
            "y": 719.2315658657828,
            "width": 518.9726594863298,
            "height": 522.9494614747307
          },
          "fitMode": "cover",
          "designSlotId": "design1",
          "designTransform": {
            "x": 7.953603976801901,
            "y": -5.965202982601454,
            "scale": 1.1433636640118752,
            "rotation": 0,
            "opacity": 1
          }
        },
        {
          "id": "070b5ad4-bdf3-48ca-a5ad-00e900957799",
          "name": "Frame 1 Mask",
          "type": "mask",
          "maskRef": "018158c5a39451b36a455a034ce31cc09b0deaa503ecf92f5dce52f665428460",
          "maskMeta": {
            "w": 519,
            "h": 523
          }
        }
      ]
    }
  ],
  "updatedAt": 1766106870877,
  "backgroundURL": "./assets/ce8fb2c7-f20c-4204-a07e-368278766816.jpg"
}