{
  "version": 2,
  "id": "d1cce09a-4b5c-4336-aee2-ea32b5b58c43",
  "name": "3",
  "width": 1152,
  "height": 2048,
  "layers": [
    {
      "id": "53bbbf75-fee1-45ff-8977-d782b6585234",
      "name": "Frame 1",
      "type": "group",
      "children": [
        {
          "id": "157ccc59-712b-43ed-8eff-28750100e256",
          "name": "Frame 1",
          "type": "frame",
          "shape": {
            "type": "rect",
            "x": 338.41449112556205,
            "y": 949.9667962205929,
            "width": 458.3339993925539,
            "height": 627.8020327813973
          },
          "fitMode": "cover",
          "designSlotId": "design1",
          "visible": true,
          "opacity": 1,
          "blendMode": "normal",
          "transform": {
            "x": 0,
            "y": 0,
            "scale": 1,
            "rotation": 5.978681542436728,
            "opacity": 1
          },
          "designTransform": {
            "x": 11.51711698253596,
            "y": -18.842368400934443,
            "scale": 0.6772402488305783,
            "rotation": 0
          }
        }
      ],
      "visible": true,
      "opacity": 1,
      "blendMode": "normal"
    }
  ],
  "updatedAt": 1766733963156,
  "backgroundURL": "./assets/d1cce09a-4b5c-4336-aee2-ea32b5b58c43.jpg"
}