{
  "version": 2,
  "id": "d1f688a7-5520-4ae0-9603-017d49db5d0e",
  "name": "1",
  "width": 1152,
  "height": 2048,
  "layers": [
    {
      "id": "af159e40-0a9e-4af4-83a4-7419c58c74a0",
      "name": "Frame 1",
      "type": "group",
      "children": [
        {
          "id": "3ac2db8f-a705-4ccb-a5a4-050868f33e3e",
          "name": "Frame 1",
          "type": "frame",
          "shape": {
            "type": "rect",
            "x": 250.13460093087372,
            "y": 722.2198349909323,
            "width": 690.1530968383163,
            "height": 646.7472416912522
          },
          "fitMode": "cover",
          "designSlotId": "design1",
          "visible": true,
          "opacity": 1,
          "blendMode": "normal",
          "designTransform": {
            "x": -25.532634816178756,
            "y": -19.677321000002166,
            "scale": 0.5589409086723209,
            "rotation": -14.891613616815064
          }
        }
      ],
      "visible": true,
      "opacity": 1,
      "blendMode": "normal"
    }
  ],
  "updatedAt": 1766733872740,
  "backgroundURL": "./assets/d1f688a7-5520-4ae0-9603-017d49db5d0e.jpg"
}