{
  "version": 2,
  "id": "ddb7f437-66b1-4b53-b48e-6a92860ffa79",
  "name": "góc cận",
  "width": 1143,
  "height": 2048,
  "layers": [
    {
      "id": "d9763d97-a95b-4f6b-923c-e7b81717ef96",
      "name": "Please_give_me_4k_202512261730",
      "type": "group",
      "children": [
        {
          "id": "17de3a36-f67d-4a3a-baa2-9ab93940aa77",
          "name": "Frame Content",
          "type": "frame",
          "shape": {
            "type": "rect",
            "x": 0,
            "y": 0,
            "width": 1143,
            "height": 2048
          },
          "fitMode": "cover",
          "visible": true,
          "opacity": 1,
          "blendMode": "normal",
          "designSlotId": "design1",
          "designTransform": {
            "x": 46.40057345776779,
            "y": -579.1849436521883,
            "scale": 1.3053012957456682,
            "rotation": 28.573980729972103
          },
          "warp": {
            "rows": 4,
            "cols": 4,
            "points": [
              {
                "x": 0.08490052330409854,
                "y": 0.11071231890463729
              },
              {
                "x": 0.6474221497789282,
                "y": -0.06751929300574258
              },
              {
                "x": 0.7757234100952572,
                "y": -0.03579465476188373
              },
              {
                "x": 1.1095436741286953,
                "y": -0.08892986972304949
              },
              {
                "x": -0.03169246123605121,
                "y": 0.3438420302535646
              },
              {
                "x": 0.23734012750421019,
                "y": 0.5629686175617324
              },
              {
                "x": 0.6892100141384722,
                "y": 0.16016498256151107
              },
              {
                "x": 1.0580508297868048,
                "y": 0.007701547215928867
              },
              {
                "x": -0.1664340525380711,
                "y": 0.7012124919208478
              },
              {
                "x": 0.24757029634330213,
                "y": 0.7018740299268277
              },
              {
                "x": 0.4755784101697025,
                "y": 0.7594444789827559
              },
              {
                "x": 0.9688477214226979,
                "y": 0.7351781861053295
              },
              {
                "x": 0.019578808546329297,
                "y": 0.9761731053555904
              },
              {
                "x": 0.2917515433732189,
                "y": 1.0312187678744662
              },
              {
                "x": 0.628215228842451,
                "y": 1.306277510803559
              },
              {
                "x": 0.906678077216777,
                "y": 1.0032556321096306
              }
            ]
          }
        },
        {
          "id": "661890d8-711d-46fe-8c62-c3234695737a",
          "name": "Shape Mask",
          "type": "mask",
          "maskRef": "ec62023f4322e19136436fa6b4ac7f18739f179237c96c04b7e64fd28f88f405",
          "maskMeta": {
            "w": 3072,
            "h": 5504
          },
          "visible": true,
          "opacity": 1,
          "blendMode": "normal"
        }
      ],
      "visible": true,
      "opacity": 1,
      "blendMode": "normal"
    }
  ],
  "updatedAt": 1766747281555,
  "backgroundURL": "./assets/ddb7f437-66b1-4b53-b48e-6a92860ffa79.jpg"
}