{
  "version": 2,
  "id": "e34daf58-d072-4540-aa72-3e8fbb4690ff",
  "name": "freepik__a-closeup-highquality-product-image-of-a-pocket-wa__40518",
  "width": 1143,
  "height": 2048,
  "layers": [
    {
      "id": "f0d6fb02-8257-4669-ba1b-c344301f9969",
      "name": "Frame 1",
      "type": "group",
      "children": [
        {
          "id": "bc089f2b-3766-42cc-89ef-ea69c3f6f42c",
          "name": "Frame 1",
          "type": "frame",
          "shape": {
            "type": "rect",
            "x": 194.2579188081878,
            "y": 937.6020996232157,
            "width": 594.6602155147758,
            "height": 546.1435943810325
          },
          "fitMode": "cover",
          "designSlotId": "design1",
          "visible": true,
          "opacity": 1,
          "blendMode": "normal",
          "designTransform": {
            "x": 1,
            "y": 7,
            "scale": 0.8529417961896336,
            "rotation": -11.65368181039714
          }
        }
      ],
      "visible": true,
      "opacity": 1,
      "blendMode": "normal"
    }
  ],
  "updatedAt": 1767003344166,
  "backgroundURL": "./assets/e34daf58-d072-4540-aa72-3e8fbb4690ff.jpg"
}