{
  "version": 2,
  "id": "e43825b8-f07c-4292-9924-8defab62f61d",
  "name": "xe 5",
  "width": 768,
  "height": 1365,
  "layers": [
    {
      "id": "79bbb5e7-371a-406d-925b-d1127fde5e6f",
      "name": "Create_a_closeup_202512021633",
      "type": "group",
      "children": [
        {
          "id": "de0be6c2-0219-4183-97b4-1912d5ffe63d",
          "name": "Frame Content",
          "type": "frame",
          "shape": {
            "type": "rect",
            "x": 0,
            "y": 0,
            "width": 768,
            "height": 1365
          },
          "fitMode": "cover",
          "visible": true,
          "opacity": 1,
          "blendMode": "normal",
          "designSlotId": "design1",
          "designTransform": {
            "x": 5,
            "y": -133.83971360559622,
            "scale": 0.45646600240443225,
            "rotation": 0
          },
          "warp": {
            "rows": 4,
            "cols": 4,
            "points": [
              {
                "x": 0,
                "y": 0
              },
              {
                "x": 0.3333333333333333,
                "y": 0
              },
              {
                "x": 0.6666666666666666,
                "y": 0
              },
              {
                "x": 1,
                "y": 0
              },
              {
                "x": 0,
                "y": 0.3333333333333333
              },
              {
                "x": 0.3288558697286405,
                "y": 0.3208927877662781
              },
              {
                "x": 0.6750579814419736,
                "y": 0.32213920673886204
              },
              {
                "x": 1,
                "y": 0.3333333333333333
              },
              {
                "x": 0,
                "y": 0.6666666666666666
              },
              {
                "x": 0.3296565395104762,
                "y": 0.6819981964200452
              },
              {
                "x": 0.6718476034170561,
                "y": 0.6818998328426437
              },
              {
                "x": 0.9949861902415584,
                "y": 0.6666666666666666
              },
              {
                "x": 0,
                "y": 1
              },
              {
                "x": 0.3333333333333333,
                "y": 1
              },
              {
                "x": 0.6666666666666666,
                "y": 1
              },
              {
                "x": 1,
                "y": 1
              }
            ]
          }
        },
        {
          "id": "e81a77a5-8e91-4a7b-ac40-800335ca2f5a",
          "name": "Shape Mask",
          "type": "mask",
          "maskRef": "da7c31a24b00156aae7ff21e61ba9ba831b51ea8beba5a0d6b1e3459dc2e6c24",
          "maskMeta": {
            "w": 768,
            "h": 1365
          },
          "visible": true,
          "opacity": 1,
          "blendMode": "normal"
        }
      ],
      "visible": true,
      "opacity": 1,
      "blendMode": "normal"
    }
  ],
  "updatedAt": 1766465798277,
  "backgroundURL": "./assets/e43825b8-f07c-4292-9924-8defab62f61d.jpg"
}