{
  "version": 2,
  "id": "f1d293fc-cea7-4b8d-9e66-ca3674ae75f3",
  "name": "đặt trên bàn",
  "width": 1152,
  "height": 2048,
  "layers": [
    {
      "id": "1520ab9d-eb69-48d1-8f3f-db8007c3bd6b",
      "name": "Frame 1 Group",
      "type": "group",
      "children": [
        {
          "id": "39760f8e-d096-4f98-9b4d-de00a451f7cd",
          "name": "Frame 1",
          "type": "frame",
          "shape": {
            "type": "rect",
            "x": 180.1040892193308,
            "y": 553.2391573729866,
            "width": 776.5650557620818,
            "height": 1015.1177199504339
          },
          "fitMode": "cover",
          "designSlotId": "design1",
          "designTransform": {
            "x": 494.86988847583666,
            "y": 20.302354399008664,
            "scale": 0.7769717679362469,
            "rotation": 0,
            "opacity": 1
          },
          "warp": {
            "rows": 4,
            "cols": 4,
            "points": [
              {
                "x": 0,
                "y": 0.01707384042224072
              },
              {
                "x": 0.3333333333333333,
                "y": 0
              },
              {
                "x": 0.6666666666666666,
                "y": 0
              },
              {
                "x": 0.9975201393722236,
                "y": 0.013279653661742894
              },
              {
                "x": 0,
                "y": 0.3333333333333333
              },
              {
                "x": 0.3333333333333333,
                "y": 0.3333333333333333
              },
              {
                "x": 0.6666666666666666,
                "y": 0.3333333333333333
              },
              {
                "x": 1,
                "y": 0.3333333333333333
              },
              {
                "x": 0,
                "y": 0.6666666666666666
              },
              {
                "x": 0.3333333333333333,
                "y": 0.6666666666666666
              },
              {
                "x": 0.6666666666666666,
                "y": 0.6666666666666666
              },
              {
                "x": 1,
                "y": 0.6666666666666666
              },
              {
                "x": 0.009919442511105757,
                "y": 0.9696465059160165
              },
              {
                "x": 0.3333333333333333,
                "y": 1
              },
              {
                "x": 0.6666666666666666,
                "y": 1
              },
              {
                "x": 0.9950402787444471,
                "y": 0.9677494125357673
              }
            ]
          }
        }
      ]
    }
  ],
  "updatedAt": 1766735116028,
  "backgroundURL": "./assets/f1d293fc-cea7-4b8d-9e66-ca3674ae75f3.jpg"
}