{
  "version": 2,
  "id": "93a85d08-1289-43ad-b686-955a474ff1bf",
  "name": "xe 5",
  "width": 768,
  "height": 1365,
  "layers": [
    {
      "id": "99bda9fc-368c-46fa-a6c9-a30bd3ca5aa5",
      "name": "Car sunshade",
      "type": "group",
      "children": [
        {
          "id": "d6b051ef-1b00-460e-8ae8-9130bc389918",
          "name": "Frame Content",
          "type": "frame",
          "shape": {
            "type": "rect",
            "x": 97.73100144340935,
            "y": 148.9991114170441,
            "width": 574.5379971131813,
            "height": 1096.4728638070314
          },
          "fitMode": "cover",
          "visible": true,
          "opacity": 1,
          "blendMode": "normal",
          "designSlotId": "design1",
          "designTransform": {
            "x": 6,
            "y": -145.43534423055485,
            "scale": 0.5732645245779106,
            "rotation": 0
          },
          "warp": {
            "rows": 4,
            "cols": 4,
            "points": [
              {
                "x": 0.06891003660177512,
                "y": 0.09880167519237257
              },
              {
                "x": 0.4095510202377328,
                "y": 0.2141070636938957
              },
              {
                "x": 0.7081628673920536,
                "y": 0.19245254759728217
              },
              {
                "x": 1.0078817705513714,
                "y": 0.06662152638595635
              },
              {
                "x": -0.64917301507371,
                "y": 0.40744298434679316
              },
              {
                "x": 0.5267006052963158,
                "y": 0.44237970647831065
              },
              {
                "x": 0.7910896925916235,
                "y": 0.44307155279927285
              },
              {
                "x": 2.5278975584501904,
                "y": 0.3959455771841761
              },
              {
                "x": 0.19653539109624957,
                "y": 0.5223372882861381
              },
              {
                "x": 0.5582497122469743,
                "y": 0.4896720968875897
              },
              {
                "x": 0.8159390769705727,
                "y": 0.5086023265851577
              },
              {
                "x": 1.0620097657209207,
                "y": 0.5423440536604667
              },
              {
                "x": 0.11399901439678162,
                "y": 0.7745274168024244
              },
              {
                "x": 0.4691126657404811,
                "y": 0.6759381174537665
              },
              {
                "x": 0.7511721262070291,
                "y": 0.700635642460622
              },
              {
                "x": 1.0299518814518005,
                "y": 0.8035674165172788
              }
            ]
          }
        },
        {
          "id": "36c94858-2bf9-4d93-9668-a70df33037e7",
          "name": "Shape Mask",
          "type": "mask",
          "maskRef": "41ba60d148ef197fd5ffc0a0443f20a1b14191517f1b8ed9feb1766627c73f34",
          "maskMeta": {
            "w": 575,
            "h": 1096
          },
          "visible": true,
          "opacity": 1,
          "blendMode": "normal"
        }
      ],
      "visible": true,
      "opacity": 1,
      "blendMode": "normal"
    }
  ],
  "updatedAt": 1765772841533,
  "backgroundURL": "./assets/93a85d08-1289-43ad-b686-955a474ff1bf.jpg"
}