{
  "version": 2,
  "id": "0ee53503-1092-42d8-94d6-553712148b9a",
  "name": "Jagermeister-Herbal-Green",
  "width": 600,
  "height": 800,
  "layers": [
    {
      "id": "20fac81d-5bfa-420c-a1a7-e6c3202cd0b1",
      "name": "Frame 1",
      "type": "group",
      "children": [
        {
          "id": "f73aef44-8f19-4753-b8bd-e38b18ccd8a0",
          "name": "Frame 1",
          "type": "frame",
          "shape": {
            "type": "rect",
            "x": 12.768647281921618,
            "y": 12.13653603034134,
            "width": 542.0986093552465,
            "height": 766.6245259165613
          },
          "fitMode": "cover",
          "designSlotId": "design1",
          "visible": true,
          "opacity": 1,
          "blendMode": "normal",
          "warp": {
            "rows": 4,
            "cols": 4,
            "points": [
              {
                "x": -0.06138595378818166,
                "y": 0.004764235811091254
              },
              {
                "x": 0.27711787689421463,
                "y": 0.004653478993991462
              },
              {
                "x": 0.6827954113969966,
                "y": -0.0005539435284279649
              },
              {
                "x": 1.063562664255565,
                "y": -0.004266027928177342
              },
              {
                "x": -0.0993867090840193,
                "y": 0.34108358141542783
              },
              {
                "x": 0.2657571717216072,
                "y": 0.33922268075217804
              },
              {
                "x": 0.6960303238832295,
                "y": 0.3322627841797463
              },
              {
                "x": 1.0987964481255161,
                "y": 0.3268335393195614
              },
              {
                "x": -0.08384822061363695,
                "y": 0.6731940043341174
              },
              {
                "x": 0.2773564951962379,
                "y": 0.671576464135782
              },
              {
                "x": 0.70134649859159,
                "y": 0.6650739760538141
              },
              {
                "x": 1.0954854902970879,
                "y": 0.6603161877096428
              },
              {
                "x": -0.02661867234164093,
                "y": 1.002065906354593
              },
              {
                "x": 0.3048838960065512,
                "y": 1.0023569732214521
              },
              {
                "x": 0.6917119842105226,
                "y": 0.9985217761704244
              },
              {
                "x": 1.0465987294698742,
                "y": 0.9968239922439073
              }
            ]
          }
        },
        {
          "id": "e2c9b6e6-a321-46c1-a56c-fdaf91ec0f8c",
          "name": "Frame 1 Mask",
          "type": "mask",
          "maskRef": "25d983742eb1db500400af5c2bb5fbb5f1e493537ae615974843dd3f43b5fff8",
          "maskMeta": {
            "w": 600,
            "h": 800
          }
        }
      ],
      "visible": true,
      "opacity": 1,
      "blendMode": "normal"
    }
  ],
  "updatedAt": 1765797601377,
  "backgroundURL": "./assets/0ee53503-1092-42d8-94d6-553712148b9a.jpg"
}