{
  "version": 2,
  "id": "04482637-8c57-4ffd-a3fe-f0afa6767543",
  "name": "cầm",
  "width": 1152,
  "height": 2048,
  "layers": [
    {
      "id": "dec02ebc-ad8a-4846-b9d0-731328b9e460",
      "name": "Frame 1 Group",
      "type": "group",
      "children": [
        {
          "id": "163f1efd-964f-407b-9fb4-60753acf8acb",
          "name": "Frame 1",
          "type": "frame",
          "shape": {
            "type": "rect",
            "x": 106.50805452292441,
            "y": 446.6517967781908,
            "width": 1035.4200743494425,
            "height": 1091.2515489467162
          },
          "fitMode": "cover",
          "designSlotId": "design1",
          "designTransform": {
            "x": 423.8116480793062,
            "y": 1.1368683772161603e-13,
            "scale": 0.656522211168342,
            "rotation": 0,
            "opacity": 1
          }
        },
        {
          "id": "293484ed-0eca-4b94-8886-b55a20bc8e2c",
          "name": "Frame 1 Mask",
          "type": "mask",
          "maskRef": "e7f690220b43b54df51c1fc1fa80d9cc45cdc49ad8b59048ada1d6d06e480c01",
          "maskMeta": {
            "w": 1035,
            "h": 1091
          }
        }
      ]
    }
  ],
  "updatedAt": 1766106871632,
  "backgroundURL": "./assets/04482637-8c57-4ffd-a3fe-f0afa6767543.jpg"
}