{
  "version": 2,
  "id": "0addf89a-98fa-4dad-bfae-b3f15362c2fd",
  "name": "khuấy",
  "width": 1152,
  "height": 2048,
  "layers": [
    {
      "id": "b418d76d-f7b9-4839-a163-8d44e2adbd04",
      "name": "Frame 1 Group",
      "type": "group",
      "children": [
        {
          "id": "4defa6ec-2b46-4911-9140-29588b682a4a",
          "name": "Frame 1",
          "type": "frame",
          "shape": {
            "type": "rect",
            "x": 209.28872366790574,
            "y": 626.8351920693926,
            "width": 753.7249070631972,
            "height": 1015.1177199504336
          },
          "fitMode": "cover",
          "designSlotId": "design1",
          "designTransform": {
            "x": 474.56753407682754,
            "y": 58.36926889714994,
            "scale": 0.7579283612196775,
            "rotation": 0,
            "opacity": 1
          }
        }
      ]
    }
  ],
  "updatedAt": 1766106871674,
  "backgroundURL": "./assets/0addf89a-98fa-4dad-bfae-b3f15362c2fd.jpg"
}