{
  "version": 2,
  "id": "0e1385ea-5bb7-49c4-bf4e-204364aa4ad5",
  "name": "03",
  "width": 1152,
  "height": 2048,
  "layers": [
    {
      "id": "34075b5a-789a-4b47-a43e-6f87c3655077",
      "name": "Frame 1 Group",
      "type": "group",
      "children": [
        {
          "id": "fc47ef18-8704-4cf0-85b2-a1729126e1f4",
          "name": "Frame 1",
          "type": "frame",
          "shape": {
            "type": "rect",
            "x": 129.08602999210734,
            "y": 695.1728492501976,
            "width": 872.8650355169691,
            "height": 892.2620363062349
          },
          "fitMode": "cover",
          "designSlotId": "design1",
          "designTransform": {
            "x": -1.2803281012445495,
            "y": -24.146331930953806,
            "scale": 1.0281693939214285,
            "rotation": 0,
            "opacity": 1
          }
        },
        {
          "id": "6a1fc12b-d542-43c0-9e6c-d69de3d89589",
          "name": "Frame 1 Mask",
          "type": "mask",
          "maskRef": "21d510d2cfaf0a0fd7dc61a1702782eb1f57174cec0f390a500aa61ada863446",
          "maskMeta": {
            "w": 873,
            "h": 892
          }
        }
      ]
    }
  ],
  "updatedAt": 1766106870832,
  "backgroundURL": "./assets/0e1385ea-5bb7-49c4-bf4e-204364aa4ad5.jpg"
}