{
  "version": 2,
  "id": "1ab2fef1-54c9-45d9-9ef2-2b1faf2df378",
  "name": "2",
  "width": 1152,
  "height": 2048,
  "layers": [
    {
      "id": "af2854ad-5815-4eab-b14e-c12fdbe016a4",
      "name": "Frame 1",
      "type": "group",
      "children": [
        {
          "id": "96be2660-9f09-4c79-be94-3cdf791d7747",
          "name": "Frame 1",
          "type": "frame",
          "shape": {
            "type": "rect",
            "x": 280.3938281228697,
            "y": 867.8130608414538,
            "width": 591.2123437542606,
            "height": 535.36492366021
          },
          "fitMode": "cover",
          "designSlotId": "design1",
          "visible": true,
          "opacity": 1,
          "blendMode": "normal",
          "designTransform": {
            "x": 15.406184853531158,
            "y": -42.367008347210685,
            "scale": 0.5844102684908833,
            "rotation": 35.15802776136681
          }
        }
      ],
      "visible": true,
      "opacity": 1,
      "blendMode": "normal"
    }
  ],
  "updatedAt": 1766733937484,
  "backgroundURL": "./assets/1ab2fef1-54c9-45d9-9ef2-2b1faf2df378.jpg"
}