{
  "version": 2,
  "id": "29781fea-d115-4084-aa24-310dc5e36e49",
  "name": "05",
  "width": 1152,
  "height": 2048,
  "layers": [
    {
      "id": "b5f288f7-ebcd-458a-a45b-02174bb4a2b5",
      "name": "Frame 1 Group",
      "type": "group",
      "children": [
        {
          "id": "61523ef0-3d52-4fb9-a906-16c5fcee9bac",
          "name": "Frame 1",
          "type": "frame",
          "shape": {
            "type": "rect",
            "x": 172.7292817679556,
            "y": 692.7482241515393,
            "width": 783.1539068666141,
            "height": 785.5785319652721
          },
          "fitMode": "cover",
          "designSlotId": "design1",
          "designTransform": {
            "x": 8.866605187944685,
            "y": -14.529985461597903,
            "scale": 1.0227034705732552,
            "rotation": 0,
            "opacity": 1
          }
        },
        {
          "id": "5c05f8c7-f639-4b54-bcd0-b7914701db30",
          "name": "Frame 1 Mask",
          "type": "mask",
          "maskRef": "bea47b384b9bbf3f55002d078c05a75a0cb82491f5ad3911d3bbc58e9924558d",
          "maskMeta": {
            "w": 783,
            "h": 786
          }
        }
      ]
    }
  ],
  "updatedAt": 1766106870782,
  "backgroundURL": "./assets/29781fea-d115-4084-aa24-310dc5e36e49.jpg"
}