{
  "version": 2,
  "id": "33d4576c-bda9-4136-a2eb-7a300541e69a",
  "name": "xe 2",
  "width": 1181,
  "height": 2048,
  "layers": [
    {
      "id": "2945a31f-62fa-4ccb-9fbd-cc64da27059b",
      "name": "car sunshade",
      "type": "group",
      "children": [
        {
          "id": "5eba0d9d-918e-4e30-b7b6-4ecf5f33e576",
          "name": "Frame Content",
          "type": "frame",
          "shape": {
            "type": "rect",
            "x": 0,
            "y": 0,
            "width": 1181,
            "height": 2048
          },
          "fitMode": "cover",
          "visible": true,
          "opacity": 1,
          "blendMode": "normal",
          "designSlotId": "design1",
          "designTransform": {
            "x": 20.41614518147685,
            "y": -262.0100125156446,
            "scale": 0.5489961607971416,
            "rotation": 0
          },
          "warp": {
            "rows": 4,
            "cols": 4,
            "points": [
              {
                "x": 0,
                "y": 0
              },
              {
                "x": 0.3333333333333333,
                "y": 0
              },
              {
                "x": 0.6666666666666666,
                "y": 0
              },
              {
                "x": 1,
                "y": 0
              },
              {
                "x": -0.014033145378929137,
                "y": 0.34123301400196626
              },
              {
                "x": 0.3197723776159148,
                "y": 0.36341666339152773
              },
              {
                "x": 0.6415072417373007,
                "y": 0.358038373106568
              },
              {
                "x": 1.0539594650273696,
                "y": 0.3461370058619169
              },
              {
                "x": 0,
                "y": 0.6666666666666666
              },
              {
                "x": 0.3450699433335837,
                "y": 0.6288595423325801
              },
              {
                "x": 0.6479713985451822,
                "y": 0.615659135064811
              },
              {
                "x": 1.0266217677771858,
                "y": 0.6802380611551936
              },
              {
                "x": 0,
                "y": 1
              },
              {
                "x": 0.3333333333333333,
                "y": 1
              },
              {
                "x": 0.6666666666666666,
                "y": 1
              },
              {
                "x": 1,
                "y": 1
              }
            ]
          }
        },
        {
          "id": "bc351ef7-46f3-407b-ad68-e6ef748c2e28",
          "name": "Shape Mask",
          "type": "mask",
          "maskRef": "74c4fda0ed52c07f041b5d02112a726186016f828700806249ec608d743def39",
          "maskMeta": {
            "w": 1568,
            "h": 2720
          },
          "visible": true,
          "opacity": 1,
          "blendMode": "normal"
        }
      ],
      "visible": true,
      "opacity": 1,
      "blendMode": "normal"
    }
  ],
  "updatedAt": 1766468387910,
  "backgroundURL": "./assets/33d4576c-bda9-4136-a2eb-7a300541e69a.jpg"
}