{
  "version": 2,
  "id": "40eada40-8a81-4203-be9f-787158229eb3",
  "name": "BEANIE (4)",
  "width": 1152,
  "height": 2048,
  "layers": [
    {
      "id": "a4d30599-7abd-46ac-bea2-e31961931120",
      "name": "Frame 1 Group",
      "type": "group",
      "children": [
        {
          "id": "a01e23ce-94c9-4a43-8591-ab80a1f5bd8f",
          "name": "Frame 1",
          "type": "frame",
          "shape": {
            "type": "rect",
            "x": 0,
            "y": 0,
            "width": 1173.4951177199505,
            "height": 2057.533412095703
          },
          "fitMode": "cover",
          "designSlotId": "design1",
          "designTransform": {
            "x": 1.4325187221188571,
            "y": -73.2020029712055,
            "scale": 0.5213646439362065,
            "rotation": -3.0432270548324074,
            "opacity": 1
          }
        },
        {
          "id": "afc8ef6a-4f40-4117-b6be-620763fb1ff4",
          "name": "Frame 1 Mask",
          "type": "mask",
          "maskRef": "244f90be6f54a49a72871f4e42cc2c7bc00369eaf26a50a234f3c3224b01a0ff",
          "maskMeta": {
            "w": 648,
            "h": 1152
          }
        }
      ]
    }
  ],
  "updatedAt": 1766106872376,
  "backgroundURL": "./assets/40eada40-8a81-4203-be9f-787158229eb3.jpg"
}