{
  "version": 2,
  "id": "4874eefd-cd6f-4380-9a8f-cf34e7fe45b5",
  "name": "hộp quà 2",
  "width": 1168,
  "height": 2048,
  "layers": [
    {
      "id": "875eec1c-f51b-4c0d-a8c9-126cf77420fe",
      "name": "Frame 1 Group",
      "type": "group",
      "children": [
        {
          "id": "368fce4d-881f-4cf1-acaa-e59fb5b45fbb",
          "name": "Frame 1",
          "type": "frame",
          "shape": {
            "type": "rect",
            "x": 322.6071871127633,
            "y": 705.5068153655513,
            "width": 586.2304832713754,
            "height": 748.6493184634448
          },
          "fitMode": "cover",
          "designSlotId": "design1",
          "designTransform": {
            "x": 385.74473358116495,
            "y": 12.688971499380273,
            "scale": 0.8084859184546223,
            "rotation": 0,
            "opacity": 1
          }
        },
        {
          "id": "5dd69ae2-84fb-46bb-9260-7229396ffc90",
          "name": "Frame 1 Mask",
          "type": "mask",
          "maskRef": "07813739b9ec78943a261f693e065fe2a3bff4ed0991f484b8e7d77a51d9c902",
          "maskMeta": {
            "w": 764,
            "h": 850
          }
        }
      ]
    }
  ],
  "updatedAt": 1766106871821,
  "backgroundURL": "./assets/4874eefd-cd6f-4380-9a8f-cf34e7fe45b5.jpg"
}