{
  "version": 2,
  "id": "4b28efc6-7f40-43a8-bef7-fb775727c8a7",
  "name": "8",
  "width": 1143,
  "height": 2048,
  "layers": [
    {
      "id": "92f81f9d-0d1c-413e-b7d7-cf380b94f038",
      "name": "Frame 1",
      "type": "group",
      "children": [
        {
          "id": "0039336d-1e4b-4830-8944-72fc0631b961",
          "name": "Frame 1",
          "type": "frame",
          "shape": {
            "type": "rect",
            "x": 518.6780724616303,
            "y": 656.7548297456592,
            "width": 480.68590364008446,
            "height": 519.5549328209164
          },
          "fitMode": "cover",
          "designSlotId": "design1",
          "visible": true,
          "opacity": 1,
          "blendMode": "normal",
          "transform": {
            "x": 0,
            "y": 0,
            "scale": 1,
            "rotation": 360,
            "opacity": 1
          },
          "designTransform": {
            "x": -310.70321810964873,
            "y": -54.47592050182374,
            "scale": 0.41450633366995443,
            "rotation": 18.979676255293214
          }
        }
      ],
      "visible": true,
      "opacity": 1,
      "blendMode": "normal"
    }
  ],
  "updatedAt": 1766368921525,
  "backgroundURL": "./assets/4b28efc6-7f40-43a8-bef7-fb775727c8a7.jpg"
}