{
  "version": 2,
  "id": "515a1033-bc20-4011-9bd0-4da6b7b52428",
  "name": "xe 1",
  "width": 1152,
  "height": 2048,
  "layers": [
    {
      "id": "ef909f46-bb28-46a8-908c-082c1c492c65",
      "name": "car sunshade",
      "type": "group",
      "children": [
        {
          "id": "7707bf6a-9c97-472c-97a7-7b180f3a1b7d",
          "name": "Frame Content",
          "type": "frame",
          "shape": {
            "type": "rect",
            "x": 0,
            "y": 25,
            "width": 1152,
            "height": 1998
          },
          "fitMode": "cover",
          "visible": true,
          "opacity": 1,
          "blendMode": "normal",
          "designSlotId": "design1",
          "designTransform": {
            "x": 17,
            "y": -285.7285326658323,
            "scale": 0.5972567357067654,
            "rotation": 0
          }
        },
        {
          "id": "02c958ce-2586-4544-9378-348fa44fa78a",
          "name": "Shape Mask",
          "type": "mask",
          "maskRef": "74c4fda0ed52c07f041b5d02112a726186016f828700806249ec608d743def39",
          "maskMeta": {
            "w": 1568,
            "h": 2720
          },
          "visible": true,
          "opacity": 1,
          "blendMode": "normal",
          "transform": {
            "x": -6,
            "y": -4,
            "scale": 1.0721642552650497,
            "rotation": 0
          }
        }
      ],
      "visible": true,
      "opacity": 1,
      "blendMode": "normal"
    }
  ],
  "updatedAt": 1766461041780,
  "backgroundURL": "./assets/515a1033-bc20-4011-9bd0-4da6b7b52428.jpg"
}