{
  "version": 2,
  "id": "56ef9c81-6681-487b-9013-726537a3dc7b",
  "name": "3",
  "width": 1152,
  "height": 2048,
  "layers": [
    {
      "id": "a722b69e-f81c-41fd-b647-c84fe53a5dfa",
      "name": "Frame 1 Group",
      "type": "group",
      "children": [
        {
          "id": "4c3394d1-1b3e-4dc0-bf03-6c6dec143d57",
          "name": "Frame 1",
          "type": "frame",
          "shape": {
            "type": "rect",
            "x": 375.6082137617393,
            "y": 917.4265313731562,
            "width": 447.6550826902505,
            "height": 459.2641317001785
          },
          "fitMode": "cover",
          "designSlotId": "design1",
          "designTransform": {
            "x": 0,
            "y": 0,
            "scale": 1,
            "rotation": 0,
            "opacity": 1
          }
        },
        {
          "id": "3d83738d-02c3-49f6-a76a-848038910e3b",
          "name": "Frame 1 Mask",
          "type": "mask",
          "maskRef": "42bb552a18359498591ba60a0741c4c41b3abd8d906ddc0eff78c154fccdcccc",
          "maskMeta": {
            "w": 448,
            "h": 459
          }
        }
      ]
    }
  ],
  "updatedAt": 1766106870526,
  "backgroundURL": "./assets/56ef9c81-6681-487b-9013-726537a3dc7b.jpg"
}