{
  "version": 2,
  "id": "5d9bb5f4-0977-4343-b574-ea68d96829f8",
  "name": "4",
  "width": 1152,
  "height": 2048,
  "layers": [
    {
      "id": "082deaef-36e3-481f-8dc2-b53ffad46848",
      "name": "Frame 1 Group",
      "type": "group",
      "children": [
        {
          "id": "4596597a-1781-41b6-9da3-a42ea4ae39a8",
          "name": "Frame 1",
          "type": "frame",
          "shape": {
            "type": "rect",
            "x": 292.0540336027453,
            "y": 948.8250562760597,
            "width": 550.3613891963837,
            "height": 541.8506460644808
          },
          "fitMode": "cover",
          "designSlotId": "design1",
          "designTransform": {
            "x": 0,
            "y": 0,
            "scale": 1,
            "rotation": 0,
            "opacity": 1
          }
        },
        {
          "id": "0a0abb05-252b-45e3-bfdf-19c24ce13d12",
          "name": "Frame 1 Mask",
          "type": "mask",
          "maskRef": "b21e30edd51694970f5806019dd504256429172f42c95ead344a2994b623faac",
          "maskMeta": {
            "w": 550,
            "h": 542
          }
        }
      ]
    }
  ],
  "updatedAt": 1766106870595,
  "backgroundURL": "./assets/5d9bb5f4-0977-4343-b574-ea68d96829f8.jpg"
}