{
  "version": 2,
  "id": "5f395565-32ef-4267-b6f4-2a70e3096e36",
  "name": "1",
  "width": 1152,
  "height": 2048,
  "layers": [
    {
      "id": "99ef998e-72ce-4b84-abe9-e01ac56de042",
      "name": "Frame 1 Group",
      "type": "group",
      "children": [
        {
          "id": "f34e335e-6ed6-41d7-bd74-0a443dc7fbb5",
          "name": "Frame 1",
          "type": "frame",
          "shape": {
            "type": "rect",
            "x": 62.505683960993494,
            "y": 968.1819171146578,
            "width": 465.92517694641055,
            "height": 484.2015929932931
          },
          "fitMode": "cover",
          "designSlotId": "design1",
          "designTransform": {
            "x": -216.79580191591697,
            "y": 22.503307383933134,
            "scale": 0.8623929537469719,
            "rotation": 0,
            "opacity": 1
          }
        },
        {
          "id": "5811e1d0-d14b-470a-99f9-a9957971f084",
          "name": "Frame 1 Mask",
          "type": "mask",
          "maskRef": "873142080d72f20c687ae390d537d02277d9478a43df6eeefa6a954345ab1277",
          "maskMeta": {
            "w": 1152,
            "h": 2048
          }
        }
      ]
    },
    {
      "id": "b2f7db43-ab96-4fa3-b15c-947a527f4265",
      "name": "Frame 2 Group",
      "type": "group",
      "children": [
        {
          "id": "74034d0f-50d0-4489-bbf3-dcab09c1e8a7",
          "name": "Frame 2",
          "type": "frame",
          "shape": {
            "type": "rect",
            "x": 60.86953278697638,
            "y": 504.64861979175913,
            "width": 461.54892639711295,
            "height": 458.365830352995
          },
          "fitMode": "cover",
          "designSlotId": "design1",
          "designTransform": {
            "x": 200.4700584119959,
            "y": -1.9618766796188538,
            "scale": 0.8994684978785059,
            "rotation": 0,
            "opacity": 1
          }
        },
        {
          "id": "3f79137e-b8c4-4bd7-9d60-e9f705e60c75",
          "name": "Frame 2 Mask",
          "type": "mask",
          "maskRef": "c1392bc3a6d01c430401d0194bf82b05b0db30ca18779083fb1aa7a33106342b",
          "maskMeta": {
            "w": 1152,
            "h": 2048
          }
        }
      ]
    }
  ],
  "updatedAt": 1766629134570,
  "backgroundURL": "./assets/5f395565-32ef-4267-b6f4-2a70e3096e36.jpg"
}