{
  "version": 2,
  "id": "602be59d-2b3c-4b88-a9e1-fe0534e051df",
  "name": "đặt 2",
  "width": 1170,
  "height": 2048,
  "layers": [
    {
      "id": "bd1c1ac4-27e4-48cc-98f5-2aba2074a2a3",
      "name": "Frame 1 Group",
      "type": "group",
      "children": [
        {
          "id": "618d0288-9349-4726-ac34-5b030264e2c7",
          "name": "Frame 1",
          "type": "frame",
          "shape": {
            "type": "rect",
            "x": 229.7087980173482,
            "y": 616.6840148698884,
            "width": 746.111524163569,
            "height": 954.2106567534079
          },
          "fitMode": "cover",
          "designSlotId": "design1",
          "designTransform": {
            "x": 491.4512068983174,
            "y": -9.710733560683138,
            "scale": 0.8412064206807153,
            "rotation": 0,
            "opacity": 1
          }
        }
      ]
    }
  ],
  "updatedAt": 1766106871876,
  "backgroundURL": "./assets/602be59d-2b3c-4b88-a9e1-fe0534e051df.jpg"
}