{
  "version": 2,
  "id": "60e31327-b3df-4164-854c-04cd25259d53",
  "name": "5",
  "width": 1152,
  "height": 2048,
  "layers": [
    {
      "id": "54569ce3-dae4-461e-8e57-62c8d7539199",
      "name": "Frame 1 Group",
      "type": "group",
      "children": [
        {
          "id": "fe15ca01-b7d9-4dec-9fb1-e7aac85adc36",
          "name": "Frame 1",
          "type": "frame",
          "shape": {
            "type": "rect",
            "x": 294.32207115924075,
            "y": 749.0855267578304,
            "width": 568.1152649602518,
            "height": 459.1714812038497
          },
          "fitMode": "cover",
          "designSlotId": "design1",
          "designTransform": {
            "x": 247.7532196604521,
            "y": 75.51813534088717,
            "scale": 1.0882638157442408,
            "rotation": 5.224941342649998,
            "opacity": 1
          }
        },
        {
          "id": "57425f65-a83e-4c52-ba68-0250a647d47c",
          "name": "Frame 1 Mask",
          "type": "mask",
          "maskRef": "d1345af78a7925763a335c5232b1c5499312831bed39c42771290400fadb66db",
          "maskMeta": {
            "w": 568,
            "h": 459
          }
        }
      ]
    }
  ],
  "updatedAt": 1766540184979,
  "backgroundURL": "./assets/60e31327-b3df-4164-854c-04cd25259d53.jpg"
}