{
  "version": 2,
  "id": "6d454b0c-8225-4cef-8214-67aff34f597e",
  "name": "1",
  "width": 1143,
  "height": 2048,
  "layers": [
    {
      "id": "425bfdd9-165d-4567-9d9b-9e76342d3074",
      "name": "Frame 1",
      "type": "group",
      "children": [
        {
          "id": "e33d088f-01b4-4a71-9c33-3fc9eb35ceff",
          "name": "Frame 1",
          "type": "frame",
          "shape": {
            "type": "rect",
            "x": 417.06699267054825,
            "y": 594.6633291614519,
            "width": 494.56368288775855,
            "height": 398.95477476424696
          },
          "fitMode": "cover",
          "designSlotId": "design1",
          "visible": true,
          "opacity": 1,
          "blendMode": "normal",
          "designTransform": {
            "x": -381.1976983325661,
            "y": 67.8484550860095,
            "scale": 0.6362900371224093,
            "rotation": 0
          },
          "warp": {
            "rows": 4,
            "cols": 4,
            "points": [
              {
                "x": 0.024411270274382245,
                "y": -0.04062861327208454
              },
              {
                "x": 0.3345538819491569,
                "y": -0.04219556605205751
              },
              {
                "x": 0.6542346811251578,
                "y": -0.043761003169770836
              },
              {
                "x": 0.969161058408986,
                "y": -0.04458668247486079
              },
              {
                "x": 0.007326651427231667,
                "y": 0.2819699338457554
              },
              {
                "x": 0.3284750474236733,
                "y": 0.28153059557698196
              },
              {
                "x": 0.6712127132359934,
                "y": 0.28030648814747106
              },
              {
                "x": 0.998667881558685,
                "y": 0.2793430236799879
              },
              {
                "x": 0.00250062716708291,
                "y": 0.6043864231792313
              },
              {
                "x": 0.3302508868386957,
                "y": 0.6451969159224724
              },
              {
                "x": 0.6687352754137981,
                "y": 0.6482585409502885
              },
              {
                "x": 1.0024640194418573,
                "y": 0.6031525467333076
              },
              {
                "x": 0.0006652886398569225,
                "y": 0.9306963941245705
              },
              {
                "x": 0.3326672741126759,
                "y": 1.000230367926807
              },
              {
                "x": 0.6661380071399309,
                "y": 1.0026204526803415
              },
              {
                "x": 1.0002590692651039,
                "y": 0.9343456248527944
              }
            ]
          }
        }
      ],
      "visible": true,
      "opacity": 1,
      "blendMode": "normal"
    }
  ],
  "updatedAt": 1766548519985,
  "backgroundURL": "./assets/6d454b0c-8225-4cef-8214-67aff34f597e.jpg"
}