{
  "version": 2,
  "id": "754ba988-b66c-4743-a6d1-b33f6b7e16e7",
  "name": "M1",
  "width": 1152,
  "height": 2048,
  "layers": [
    {
      "id": "f50298d4-e317-4444-bcf5-99d5e34d0648",
      "name": "Frame 1 Group",
      "type": "group",
      "children": [
        {
          "id": "3b071721-b30a-411c-ba32-ad2174d10112",
          "name": "Frame 1",
          "type": "frame",
          "shape": {
            "type": "rect",
            "x": 276.75558696285066,
            "y": 612.7511827267185,
            "width": 658.3221363971361,
            "height": 661.215860073607
          },
          "fitMode": "cover",
          "designSlotId": "design1",
          "designTransform": {
            "x": 290.1864255110346,
            "y": -10.734137403015097,
            "scale": 0.902140721116116,
            "rotation": 0,
            "opacity": 1
          }
        },
        {
          "id": "1c0849f6-a47d-4d17-b939-4be99a06abd0",
          "name": "Frame 1 Mask",
          "type": "mask",
          "maskRef": "86dae801659e1320d4f904ef367669ba7f1284fa0271f31aa3eabedffc0d4bc2",
          "maskMeta": {
            "w": 658,
            "h": 661
          }
        }
      ]
    }
  ],
  "updatedAt": 1766629206218,
  "backgroundURL": "./assets/754ba988-b66c-4743-a6d1-b33f6b7e16e7.jpg"
}