{
  "version": 2,
  "id": "835aa054-460f-4c68-9482-8771adea0d2e",
  "name": "9",
  "width": 1152,
  "height": 2048,
  "layers": [
    {
      "id": "3db016d3-bc08-4bbc-81f2-52b7ed08bcd9",
      "name": "Frame 1",
      "type": "group",
      "children": [
        {
          "id": "582005c7-f416-4a8a-b01f-16159bdbe394",
          "name": "Frame 1",
          "type": "frame",
          "shape": {
            "type": "rect",
            "x": 331.2590986523803,
            "y": 640.5151739797334,
            "width": 474.34852971314945,
            "height": 414.0667373954369
          },
          "fitMode": "cover",
          "designSlotId": "design1",
          "visible": true,
          "opacity": 1,
          "blendMode": "normal",
          "designTransform": {
            "x": -347.5630735296534,
            "y": 83.47938229725366,
            "scale": 0.5498537207312229,
            "rotation": 0
          },
          "warp": {
            "rows": 4,
            "cols": 4,
            "points": [
              {
                "x": 0,
                "y": 0
              },
              {
                "x": 0.3333333333333333,
                "y": 0
              },
              {
                "x": 0.6666666666666666,
                "y": 0
              },
              {
                "x": 1,
                "y": 0
              },
              {
                "x": 0,
                "y": 0.3333333333333333
              },
              {
                "x": 0.3333333333333333,
                "y": 0.3333333333333333
              },
              {
                "x": 0.6666666666666666,
                "y": 0.3333333333333333
              },
              {
                "x": 1,
                "y": 0.3333333333333333
              },
              {
                "x": 0,
                "y": 0.6666666666666666
              },
              {
                "x": 0.3333333333333333,
                "y": 0.6666666666666666
              },
              {
                "x": 0.6666666666666666,
                "y": 0.6666666666666666
              },
              {
                "x": 1,
                "y": 0.6666666666666666
              },
              {
                "x": 0.0020833333333333042,
                "y": 0.9307875894988065
              },
              {
                "x": 0.3333333333333333,
                "y": 1
              },
              {
                "x": 0.6666666666666666,
                "y": 1
              },
              {
                "x": 1.0020833333333332,
                "y": 0.9331742243436756
              }
            ]
          }
        }
      ],
      "visible": true,
      "opacity": 1,
      "blendMode": "normal"
    }
  ],
  "updatedAt": 1766733413692,
  "backgroundURL": "./assets/835aa054-460f-4c68-9482-8771adea0d2e.jpg"
}