{
  "version": 2,
  "id": "843e7858-8af0-4151-ae71-2282b47a0854",
  "name": "7",
  "width": 1152,
  "height": 2048,
  "layers": [
    {
      "id": "6d09313f-d464-4bbb-9814-5ff7e5c98871",
      "name": "Frame 1",
      "type": "group",
      "children": [
        {
          "id": "9114a615-d8f5-4c4d-a08b-a64fefe2a8f1",
          "name": "Frame 1",
          "type": "frame",
          "shape": {
            "type": "rect",
            "x": 338.2050115748982,
            "y": 938.6349424725718,
            "width": 479.6925738485857,
            "height": 607.4938800199243
          },
          "fitMode": "cover",
          "designSlotId": "design1",
          "visible": true,
          "opacity": 1,
          "blendMode": "normal",
          "designTransform": {
            "x": -2.0512984991910344,
            "y": -29.761948012503353,
            "scale": 0.7448655210026611,
            "rotation": 0
          }
        }
      ],
      "visible": true,
      "opacity": 1,
      "blendMode": "normal"
    }
  ],
  "updatedAt": 1766379323658,
  "backgroundURL": "./assets/843e7858-8af0-4151-ae71-2282b47a0854.jpg"
}