{
  "version": 2,
  "id": "85e319ff-5a62-4404-aebe-9fbbb4ffaefe",
  "name": "ổn áp",
  "width": 1143,
  "height": 2048,
  "layers": [
    {
      "id": "df7c0ac1-db4f-449a-b6bc-f42b89f9e693",
      "name": "Frame 1",
      "type": "group",
      "children": [
        {
          "id": "3e6a9648-ae81-48da-bfea-ed4c6d70e885",
          "name": "Frame 1",
          "type": "frame",
          "shape": {
            "type": "rect",
            "x": 480.3942902056538,
            "y": 712.3768230784189,
            "width": 527.7127393058789,
            "height": 411.10205908472994
          },
          "fitMode": "cover",
          "designSlotId": "design1",
          "visible": true,
          "opacity": 1,
          "blendMode": "normal",
          "designTransform": {
            "x": -347.7895428867423,
            "y": -106.60991566720793,
            "scale": 0.582794375636788,
            "rotation": 11.481821109478888
          },
          "warp": {
            "rows": 4,
            "cols": 4,
            "points": [
              {
                "x": 0.15303238792158713,
                "y": 0.06012738663725769
              },
              {
                "x": 0.3319253258434134,
                "y": -0.011461168915706789
              },
              {
                "x": 0.6653212136657621,
                "y": -0.011111777249812032
              },
              {
                "x": 0.9457513762318696,
                "y": 0.06425921949212858
              },
              {
                "x": 0.06225709476242229,
                "y": 0.44241052473785736
              },
              {
                "x": 0.34106573988185895,
                "y": 0.2967377461577544
              },
              {
                "x": 0.657440641844368,
                "y": 0.3130290155492578
              },
              {
                "x": 0.993437398336888,
                "y": 0.40640740216146254
              },
              {
                "x": -0.009169525621832295,
                "y": 0.7608378640164661
              },
              {
                "x": 0.35404804310655313,
                "y": 0.49883986843598954
              },
              {
                "x": 0.674831357226826,
                "y": 0.5741997930972511
              },
              {
                "x": 0.9255288346718412,
                "y": 0.8050741878414861
              },
              {
                "x": -0.004119850187265967,
                "y": 0.9563549359614603
              },
              {
                "x": 0.3332448252375565,
                "y": 0.9953301081677344
              },
              {
                "x": 0.6665933097475865,
                "y": 0.9954802403272728
              },
              {
                "x": 0.8784319187792118,
                "y": 1.0538084937651127
              }
            ]
          }
        },
        {
          "id": "18cb973e-f7ab-4b7c-a98d-656a90edc119",
          "name": "Frame 1 Mask",
          "type": "mask",
          "maskRef": "986d4100f05bb73221666f953482b3da6e128c4441e4400024cee14c6059c242",
          "maskMeta": {
            "w": 528,
            "h": 411
          }
        }
      ],
      "visible": true,
      "opacity": 1,
      "blendMode": "normal"
    }
  ],
  "updatedAt": 1766548589353,
  "backgroundURL": "./assets/85e319ff-5a62-4404-aebe-9fbbb4ffaefe.jpg"
}