{
  "version": 2,
  "id": "9755e594-acd0-4912-a68a-bef9c3e99c3c",
  "name": "6",
  "width": 1152,
  "height": 2048,
  "layers": [
    {
      "id": "9327d4fd-de84-4b46-8aea-a6bac1098adf",
      "name": "Frame 1",
      "type": "group",
      "children": [
        {
          "id": "bc777b25-5d4b-4323-829a-ff2803c73c66",
          "name": "Frame 1",
          "type": "frame",
          "shape": {
            "type": "rect",
            "x": 80.85651577757386,
            "y": 601.5435116834119,
            "width": 426.8242422794618,
            "height": 422.4564883165881
          },
          "fitMode": "cover",
          "designSlotId": "design1",
          "visible": true,
          "opacity": 1,
          "blendMode": "normal",
          "designTransform": {
            "x": 187.94391127159503,
            "y": -14.11980833811515,
            "scale": 0.9244002366187046,
            "rotation": 0
          }
        },
        {
          "id": "6bdecb1e-36f6-40c4-80a8-9d10fbdc4cab",
          "name": "Frame 1 Mask",
          "type": "mask",
          "maskRef": "19348c99e9e86d944109f528da1ab210839f1cab361fc7436e082b3fe93e1607",
          "maskMeta": {
            "w": 1152,
            "h": 2048
          }
        }
      ],
      "visible": true,
      "opacity": 1,
      "blendMode": "normal"
    },
    {
      "id": "c92110bb-c32c-44d5-9da6-3dfb1cdc911f",
      "name": "Frame 1 Copy",
      "type": "group",
      "children": [
        {
          "id": "5bababd8-c8dc-46ff-897d-c3682b388448",
          "name": "Frame 1",
          "type": "frame",
          "shape": {
            "type": "rect",
            "x": 79.94893880631702,
            "y": 1070.5924649190902,
            "width": 426.8242422794618,
            "height": 422.4564883165881
          },
          "fitMode": "cover",
          "designSlotId": "design1",
          "visible": true,
          "opacity": 1,
          "blendMode": "normal",
          "designTransform": {
            "x": -200.18972298643163,
            "y": -3.5705202057609995,
            "scale": 0.9244002366187046,
            "rotation": 0
          }
        },
        {
          "id": "fe7b5e02-5ae9-45fc-801b-78d3f33b4fe3",
          "name": "Frame 1 Mask",
          "type": "mask",
          "maskRef": "19348c99e9e86d944109f528da1ab210839f1cab361fc7436e082b3fe93e1607",
          "maskMeta": {
            "w": 1152,
            "h": 2048
          }
        }
      ],
      "visible": true,
      "opacity": 1,
      "blendMode": "normal"
    }
  ],
  "updatedAt": 1766725171538,
  "backgroundURL": "./assets/9755e594-acd0-4912-a68a-bef9c3e99c3c.jpg"
}