{
  "version": 2,
  "id": "99df8e53-a7d0-4464-a30c-44d49181c6cf",
  "name": "2",
  "width": 1152,
  "height": 2048,
  "layers": [
    {
      "id": "15adc6e8-d00b-40ec-b8aa-811d13edfa2e",
      "name": "Frame 1 Group",
      "type": "group",
      "children": [
        {
          "id": "8070ddb6-6203-4790-8363-a8f7a1de0972",
          "name": "Frame 1",
          "type": "frame",
          "shape": {
            "type": "rect",
            "x": 215.40122699386498,
            "y": 804.122699386503,
            "width": 738.7877300613497,
            "height": 658.3754601226993
          },
          "fitMode": "cover",
          "designSlotId": "design1",
          "designTransform": {
            "x": 0,
            "y": 0,
            "scale": 1,
            "rotation": 0,
            "opacity": 1
          }
        },
        {
          "id": "1bfe5a10-4a02-4b15-9288-c4403064bbab",
          "name": "Frame 1 Mask",
          "type": "mask",
          "maskRef": "1b5b5e8152a6ede2123c42481da7efd36cd2ab28945285d26f455e777926e891",
          "maskMeta": {
            "w": 739,
            "h": 658
          }
        }
      ]
    }
  ],
  "updatedAt": 1766106870476,
  "backgroundURL": "./assets/99df8e53-a7d0-4464-a30c-44d49181c6cf.jpg"
}