{
  "version": 2,
  "id": "a5b8b841-f3c3-4f6a-8a61-4baf81dee440",
  "name": "02",
  "width": 1152,
  "height": 2048,
  "layers": [
    {
      "id": "a8b4488e-847f-4a5d-9c75-2616c302736d",
      "name": "Frame 1 Group",
      "type": "group",
      "children": [
        {
          "id": "852be31e-e246-4de3-8987-a330db1f5ee0",
          "name": "Frame 1",
          "type": "frame",
          "shape": {
            "type": "rect",
            "x": 155.75690607734813,
            "y": 663.65272296764,
            "width": 826.7971586424625,
            "height": 894.6866614048935
          },
          "fitMode": "cover",
          "designSlotId": "design1",
          "designTransform": {
            "x": 7.6354598177298385,
            "y": 0,
            "scale": 0.9867214761514439,
            "rotation": 0,
            "opacity": 1
          }
        },
        {
          "id": "f06f5743-2ccd-4437-9958-a1fe45d0a15c",
          "name": "Frame 1 Mask",
          "type": "mask",
          "maskRef": "13c53279453a04387944aa63db519cc91064bf173a19d96a1b8e851a4d27c6b3",
          "maskMeta": {
            "w": 827,
            "h": 895
          }
        }
      ]
    }
  ],
  "updatedAt": 1766106870727,
  "backgroundURL": "./assets/a5b8b841-f3c3-4f6a-8a61-4baf81dee440.jpg"
}