{
  "version": 2,
  "id": "a82f5a41-a3dd-4409-a52a-932d19e5573a",
  "name": "4",
  "width": 1152,
  "height": 2048,
  "layers": [
    {
      "id": "774d70d6-9575-4530-b77b-19b6c7ed8cd2",
      "name": "Frame 1 Group",
      "type": "group",
      "children": [
        {
          "id": "c771ac0a-4671-4815-ac47-bd02518f6228",
          "name": "Frame 1",
          "type": "frame",
          "shape": {
            "type": "rect",
            "x": 432.3872460862161,
            "y": 495.35500650195075,
            "width": 569.1046187448226,
            "height": 556.6085825747724
          },
          "fitMode": "cover",
          "designSlotId": "design1",
          "designTransform": {
            "x": -252.48059962225483,
            "y": 5.83610952996105,
            "scale": 0.8955285585915044,
            "rotation": 0,
            "opacity": 1
          }
        },
        {
          "id": "85261a96-ace8-4b57-b8bb-239947006ef9",
          "name": "Frame 1 Mask",
          "type": "mask",
          "maskRef": "b52249bc1457888817bb0c9d6a01a5e146b34912a5919fad4ee6c55a14bf52e7",
          "maskMeta": {
            "w": 569,
            "h": 557
          }
        }
      ]
    }
  ],
  "updatedAt": 1766539754170,
  "backgroundURL": "./assets/a82f5a41-a3dd-4409-a52a-932d19e5573a.jpg"
}