{
  "version": 2,
  "id": "b2bd8381-fdd4-48cf-9d88-7f6f036d816f",
  "name": "6",
  "width": 1152,
  "height": 2048,
  "layers": [
    {
      "id": "e525da06-eaf4-4497-bd7a-0c526656a7e8",
      "name": "Frame 1",
      "type": "group",
      "children": [
        {
          "id": "fbb4c884-d955-429d-9597-221a19eaede2",
          "name": "Frame 1",
          "type": "frame",
          "shape": {
            "type": "rect",
            "x": 402.8166250775018,
            "y": 858.3802880138769,
            "width": 383.4039185140156,
            "height": 481.44327667285063
          },
          "fitMode": "cover",
          "designSlotId": "design1",
          "visible": true,
          "opacity": 1,
          "blendMode": "normal",
          "designTransform": {
            "x": 10,
            "y": 0,
            "scale": 0.8308417508417513,
            "rotation": 0
          }
        },
        {
          "id": "73f6a292-6aba-4090-8b9e-5fc581467109",
          "name": "Frame 1 Mask",
          "type": "mask",
          "maskRef": "c1fcb0f5e0dd476d31f6c5f45da4c695eb7f2edf568d2b1272199a37d0457d17",
          "maskMeta": {
            "w": 383,
            "h": 481
          }
        }
      ],
      "visible": true,
      "opacity": 1,
      "blendMode": "normal"
    }
  ],
  "updatedAt": 1766734269532,
  "backgroundURL": "./assets/b2bd8381-fdd4-48cf-9d88-7f6f036d816f.jpg"
}