{
  "version": 2,
  "id": "bc04ad7f-8316-43d2-81d6-a4fac9a35f6d",
  "name": "5",
  "width": 1152,
  "height": 2048,
  "layers": [
    {
      "id": "089be70b-d25c-4ff0-a57d-7c4d55455e1c",
      "name": "Frame 1 Group",
      "type": "group",
      "children": [
        {
          "id": "e6eacc96-ee17-4eae-bfda-d5af59ec11ea",
          "name": "Frame 1",
          "type": "frame",
          "shape": {
            "type": "rect",
            "x": 70.9883968396845,
            "y": 1088.785443000482,
            "width": 414.7533298153123,
            "height": 389.1315024908142
          },
          "fitMode": "cover",
          "designSlotId": "design1",
          "designTransform": {
            "x": 0,
            "y": 0,
            "scale": 1,
            "rotation": 0,
            "opacity": 1
          }
        },
        {
          "id": "95534302-68e7-4058-ac9d-a5069a6ad311",
          "name": "Frame 1 Mask",
          "type": "mask",
          "maskRef": "40e43b7737242a34570af7e0c7ebc4cca91cb3ba7fcb07ebcabdda74ee7e3dca",
          "maskMeta": {
            "w": 415,
            "h": 389
          }
        }
      ]
    },
    {
      "id": "53adbb83-427a-47a5-8b0c-d80943e60c6b",
      "name": "Frame 2 Group",
      "type": "group",
      "children": [
        {
          "id": "1d091b89-2435-4d8e-abb7-db7bb642cefb",
          "name": "Frame 2",
          "type": "frame",
          "shape": {
            "type": "rect",
            "x": 666.1823470199008,
            "y": 1091.9706622110907,
            "width": 411.41648714734845,
            "height": 387.05109018027565
          },
          "fitMode": "cover",
          "designSlotId": "design2",
          "designTransform": {
            "x": 0,
            "y": 0,
            "scale": 1,
            "rotation": 0,
            "opacity": 1
          }
        },
        {
          "id": "dcc86fd8-e674-43b3-bec6-e478bb8e40ff",
          "name": "Frame 2 Mask",
          "type": "mask",
          "maskRef": "7483ca92423131f7d19d550e578958d3428773f38ae281a44f27d63f45fe1a14",
          "maskMeta": {
            "w": 411,
            "h": 387
          }
        }
      ]
    }
  ],
  "updatedAt": 1766106870658,
  "backgroundURL": "./assets/bc04ad7f-8316-43d2-81d6-a4fac9a35f6d.jpg"
}