{
  "version": 2,
  "id": "c6edda56-a356-4bb6-8304-d0ff44686340",
  "name": "5",
  "width": 1152,
  "height": 2048,
  "layers": [
    {
      "id": "7e9e4e69-1b3d-4b02-92f6-6b267eaab9fd",
      "name": "Frame 1",
      "type": "group",
      "children": [
        {
          "id": "e83ad180-4834-44ec-b3a5-61304c4834f2",
          "name": "Frame 1",
          "type": "frame",
          "shape": {
            "type": "rect",
            "x": 271.9319984998279,
            "y": 761.0370996956724,
            "width": 577.4453538045094,
            "height": 575.3971997737175
          },
          "fitMode": "cover",
          "designSlotId": "design1",
          "visible": true,
          "opacity": 1,
          "blendMode": "normal",
          "transform": {
            "x": 0,
            "y": 0,
            "scale": 1,
            "rotation": 9.193572701078004,
            "opacity": 1
          },
          "designTransform": {
            "x": 3,
            "y": 0,
            "scale": 0.8363399827670739,
            "rotation": 0
          }
        }
      ],
      "visible": true,
      "opacity": 1,
      "blendMode": "normal"
    }
  ],
  "updatedAt": 1766734065564,
  "backgroundURL": "./assets/c6edda56-a356-4bb6-8304-d0ff44686340.jpg"
}