{
  "version": 2,
  "id": "df65455f-10d9-4ff5-8630-a3b54f781dcf",
  "name": "3",
  "width": 1152,
  "height": 2048,
  "layers": [
    {
      "id": "365a8e60-b399-49e7-89ed-f9aee7c7bbd1",
      "name": "Frame 1",
      "type": "group",
      "children": [
        {
          "id": "5985c2b8-b5d4-4231-a1f2-30d93d7ecd80",
          "name": "Frame 1",
          "type": "frame",
          "shape": {
            "type": "rect",
            "x": 430.11875542272065,
            "y": 493.27241749233775,
            "width": 564.3956922703627,
            "height": 563.199938685044
          },
          "fitMode": "cover",
          "designSlotId": "design1",
          "visible": true,
          "opacity": 1,
          "blendMode": "normal",
          "designTransform": {
            "x": 240.9124993315802,
            "y": -13.71431755984554,
            "scale": 0.8796240754750112,
            "rotation": 0
          }
        },
        {
          "id": "f3e2efad-7cd5-42a2-87a8-91fd3cfca94d",
          "name": "Frame 1 Mask",
          "type": "mask",
          "maskRef": "fc2d2cf4cc1d2a397e59b9aed5d4e395d8178a9078f96b93cceed901b7584c7a",
          "maskMeta": {
            "w": 564,
            "h": 563
          }
        }
      ],
      "visible": true,
      "opacity": 1,
      "blendMode": "normal"
    }
  ],
  "updatedAt": 1766629182978,
  "backgroundURL": "./assets/df65455f-10d9-4ff5-8630-a3b54f781dcf.jpg"
}