{
  "version": 2,
  "id": "f1d293fc-cea7-4b8d-9e66-ca3674ae75f3",
  "name": "đặt trên bàn",
  "width": 1152,
  "height": 2048,
  "layers": [
    {
      "id": "1520ab9d-eb69-48d1-8f3f-db8007c3bd6b",
      "name": "Frame 1 Group",
      "type": "group",
      "children": [
        {
          "id": "39760f8e-d096-4f98-9b4d-de00a451f7cd",
          "name": "Frame 1",
          "type": "frame",
          "shape": {
            "type": "rect",
            "x": 180.1040892193308,
            "y": 553.2391573729866,
            "width": 776.5650557620818,
            "height": 1015.1177199504339
          },
          "fitMode": "cover",
          "designSlotId": "design1",
          "designTransform": {
            "x": 494.86988847583666,
            "y": 20.302354399008664,
            "scale": 0.7769717679362469,
            "rotation": 0,
            "opacity": 1
          }
        }
      ]
    }
  ],
  "updatedAt": 1766106871434,
  "backgroundURL": "./assets/f1d293fc-cea7-4b8d-9e66-ca3674ae75f3.jpg"
}