{
  "version": 2,
  "id": "f43aa628-7690-4fb1-a10d-13ebf32de9da",
  "name": "4",
  "width": 1152,
  "height": 2048,
  "layers": [
    {
      "id": "a8953822-9ca1-4a68-938a-ec864729e12c",
      "name": "Frame 1",
      "type": "group",
      "children": [
        {
          "id": "d59b951e-a5f9-4929-97e7-7920d513993a",
          "name": "Frame 1",
          "type": "frame",
          "shape": {
            "type": "rect",
            "x": 262.45521343688694,
            "y": 1075.4791603082783,
            "width": 459.0465354420297,
            "height": 507.9804300830583
          },
          "fitMode": "cover",
          "designSlotId": "design1",
          "visible": true,
          "opacity": 1,
          "blendMode": "normal",
          "designTransform": {
            "x": 18.953659735262136,
            "y": 18.329307610283422,
            "scale": 0.857868020304569,
            "rotation": 0
          }
        }
      ],
      "visible": true,
      "opacity": 1,
      "blendMode": "normal"
    }
  ],
  "updatedAt": 1766734321068,
  "backgroundURL": "./assets/f43aa628-7690-4fb1-a10d-13ebf32de9da.jpg"
}