{
  "version": 2,
  "id": "38ffe7b5-28f1-41fb-a920-1dc3520a1614",
  "name": "xe 5",
  "width": 768,
  "height": 1365,
  "layers": [
    {
      "id": "99bda9fc-368c-46fa-a6c9-a30bd3ca5aa5",
      "name": "Car sunshade",
      "type": "group",
      "children": [
        {
          "id": "d6b051ef-1b00-460e-8ae8-9130bc389918",
          "name": "Frame Content",
          "type": "frame",
          "shape": {
            "type": "rect",
            "x": 97.73100144340935,
            "y": 148.9991114170441,
            "width": 574.5379971131813,
            "height": 1096.4728638070314
          },
          "fitMode": "cover",
          "visible": true,
          "opacity": 1,
          "blendMode": "normal",
          "designSlotId": "design1",
          "designTransform": {
            "x": 6,
            "y": -145.43534423055485,
            "scale": 0.5732645245779106,
            "rotation": 0
          }
        },
        {
          "id": "36c94858-2bf9-4d93-9668-a70df33037e7",
          "name": "Shape Mask",
          "type": "mask",
          "maskRef": "179814844df630104159de96dad33e518b2400162c93d20f4bb6cdb7679b9def",
          "maskMeta": {
            "w": 575,
            "h": 1096
          },
          "visible": true,
          "opacity": 1,
          "blendMode": "normal"
        }
      ],
      "visible": true,
      "opacity": 1,
      "blendMode": "normal"
    }
  ],
  "updatedAt": 1765354290599,
  "backgroundURL": "./assets/38ffe7b5-28f1-41fb-a920-1dc3520a1614.jpg"
}