{
  "folders": [
    {
      "id": "fld_0aa21cc0-7178-414f-afb5-f71f9eeb514e",
      "name": "Decanter",
      "parent": null,
      "children": [
        "5b343180-4725-41ec-acdd-449f37cab0c3",
        "593c0d3c-03b3-48ef-821e-3ef410a25306",
        "dca7a782-8394-45d0-b072-c7d6f2aca0dc",
        "3852d11e-7aab-4b2e-b45c-cad7f9e66467",
        "431f8652-d8bb-4bee-8d66-264cc74e56a1"
      ]
    }
  ],
  "assets": [
    {
      "id": "5b343180-4725-41ec-acdd-449f37cab0c3",
      "name": "1",
      "folder": "fld_0aa21cc0-7178-414f-afb5-f71f9eeb514e"
    },
    {
      "id": "593c0d3c-03b3-48ef-821e-3ef410a25306",
      "name": "2",
      "folder": "fld_0aa21cc0-7178-414f-afb5-f71f9eeb514e"
    },
    {
      "id": "dca7a782-8394-45d0-b072-c7d6f2aca0dc",
      "name": "3",
      "folder": "fld_0aa21cc0-7178-414f-afb5-f71f9eeb514e"
    },
    {
      "id": "3852d11e-7aab-4b2e-b45c-cad7f9e66467",
      "name": "4",
      "folder": "fld_0aa21cc0-7178-414f-afb5-f71f9eeb514e"
    },
    {
      "id": "431f8652-d8bb-4bee-8d66-264cc74e56a1",
      "name": "5",
      "folder": "fld_0aa21cc0-7178-414f-afb5-f71f9eeb514e"
    }
  ]
}