{
  "folders": [
    {
      "id": "fld_842fd327-412b-40e8-b2fb-6dd9e62c55c3",
      "name": "Warmer Lamp",
      "parent": null,
      "children": [
        "6d454b0c-8225-4cef-8214-67aff34f597e",
        "15a139dc-9c0c-45df-94b2-34b87f1f305f",
        "ab55b98b-7699-4642-89f3-97577960699c",
        "36c5b994-e6cf-450f-a416-e3c1b8fbed4a",
        "03a08e18-1530-4bc3-ad21-6ec180ede049",
        "6a975323-1596-4490-aeaa-8a9f530e904b",
        "86eacebf-f443-4464-b88a-cf72718d468e",
        "4b28efc6-7f40-43a8-bef7-fb775727c8a7",
        "835aa054-460f-4c68-9482-8771adea0d2e",
        "85e319ff-5a62-4404-aebe-9fbbb4ffaefe",
        "0d9e7d60-9645-4876-a55a-d0e237d933e2"
      ]
    }
  ],
  "assets": [
    {
      "id": "6d454b0c-8225-4cef-8214-67aff34f597e",
      "name": "1",
      "folder": "fld_842fd327-412b-40e8-b2fb-6dd9e62c55c3"
    },
    {
      "id": "15a139dc-9c0c-45df-94b2-34b87f1f305f",
      "name": "2",
      "folder": "fld_842fd327-412b-40e8-b2fb-6dd9e62c55c3"
    },
    {
      "id": "03a08e18-1530-4bc3-ad21-6ec180ede049",
      "name": "5",
      "folder": "fld_842fd327-412b-40e8-b2fb-6dd9e62c55c3"
    },
    {
      "id": "6a975323-1596-4490-aeaa-8a9f530e904b",
      "name": "6",
      "folder": "fld_842fd327-412b-40e8-b2fb-6dd9e62c55c3"
    },
    {
      "id": "86eacebf-f443-4464-b88a-cf72718d468e",
      "name": "7",
      "folder": "fld_842fd327-412b-40e8-b2fb-6dd9e62c55c3"
    },
    {
      "id": "4b28efc6-7f40-43a8-bef7-fb775727c8a7",
      "name": "8",
      "folder": "fld_842fd327-412b-40e8-b2fb-6dd9e62c55c3"
    },
    {
      "id": "85e319ff-5a62-4404-aebe-9fbbb4ffaefe",
      "name": "ổn áp",
      "folder": "fld_842fd327-412b-40e8-b2fb-6dd9e62c55c3"
    },
    {
      "id": "0d9e7d60-9645-4876-a55a-d0e237d933e2",
      "name": "couple",
      "folder": "fld_842fd327-412b-40e8-b2fb-6dd9e62c55c3"
    },
    {
      "id": "ab55b98b-7699-4642-89f3-97577960699c",
      "name": "3",
      "folder": "fld_842fd327-412b-40e8-b2fb-6dd9e62c55c3"
    },
    {
      "id": "36c5b994-e6cf-450f-a416-e3c1b8fbed4a",
      "name": "4",
      "folder": "fld_842fd327-412b-40e8-b2fb-6dd9e62c55c3"
    },
    {
      "id": "835aa054-460f-4c68-9482-8771adea0d2e",
      "name": "9",
      "folder": "fld_842fd327-412b-40e8-b2fb-6dd9e62c55c3"
    }
  ]
}