{
  "version": 2,
  "id": "0d9e7d60-9645-4876-a55a-d0e237d933e2",
  "name": "couple",
  "width": 1143,
  "height": 2048,
  "layers": [
    {
      "id": "0f96007b-c374-4bf3-ba1b-50c453a0add8",
      "name": "Frame 1",
      "type": "group",
      "children": [
        {
          "id": "0f209a4a-d5ef-4695-a019-2b18ac0fad9f",
          "name": "Frame 1",
          "type": "frame",
          "shape": {
            "type": "rect",
            "x": 307.53390390987886,
            "y": 642.9736471645615,
            "width": 388.4102251373748,
            "height": 340.24624745882784
          },
          "fitMode": "cover",
          "designSlotId": "design1",
          "visible": true,
          "opacity": 1,
          "blendMode": "normal",
          "designTransform": {
            "x": -321.37576031956826,
            "y": 41.85137548614989,
            "scale": 0.608547004287172,
            "rotation": 0
          }
        }
      ],
      "visible": true,
      "opacity": 1,
      "blendMode": "normal"
    }
  ],
  "updatedAt": 1766385036150,
  "backgroundURL": "./assets/0d9e7d60-9645-4876-a55a-d0e237d933e2.jpg"
}