{
  "version": 2,
  "id": "86eacebf-f443-4464-b88a-cf72718d468e",
  "name": "7",
  "width": 1143,
  "height": 2048,
  "layers": [
    {
      "id": "b4dfde48-40ab-4712-9932-5bb20023b319",
      "name": "Frame 1",
      "type": "group",
      "children": [
        {
          "id": "053a46ed-38d0-49bd-a4b8-4f49f216a1f9",
          "name": "Frame 1",
          "type": "frame",
          "shape": {
            "type": "rect",
            "x": 417.93722725198495,
            "y": 581.1217414654334,
            "width": 493.2483539439081,
            "height": 411.69795942518215
          },
          "fitMode": "cover",
          "designSlotId": "design1",
          "visible": true,
          "opacity": 1,
          "blendMode": "normal",
          "designTransform": {
            "x": -399.5315141737051,
            "y": 52.51680578006301,
            "scale": 0.646727552135767,
            "rotation": 0
          }
        }
      ],
      "visible": true,
      "opacity": 1,
      "blendMode": "normal"
    }
  ],
  "updatedAt": 1766548582473,
  "backgroundURL": "./assets/86eacebf-f443-4464-b88a-cf72718d468e.jpg"
}