{
  "version": 2,
  "id": "ab55b98b-7699-4642-89f3-97577960699c",
  "name": "3",
  "width": 1152,
  "height": 2048,
  "layers": [
    {
      "id": "a6c317a2-9d3d-417b-8b10-588900eb89fb",
      "name": "Frame 1",
      "type": "group",
      "children": [
        {
          "id": "546be3a0-58f7-4746-a045-468dcb13e45d",
          "name": "Frame 1",
          "type": "frame",
          "shape": {
            "type": "rect",
            "x": 293.9789555043575,
            "y": 791.0018177567524,
            "width": 470.3956252988734,
            "height": 419.0078679132822
          },
          "fitMode": "cover",
          "designSlotId": "design1",
          "visible": true,
          "opacity": 1,
          "blendMode": "normal",
          "designTransform": {
            "x": -374.5141454598126,
            "y": 82.99921880337024,
            "scale": 0.5796024265440284,
            "rotation": 0
          },
          "warp": {
            "rows": 4,
            "cols": 4,
            "points": [
              {
                "x": 0,
                "y": 0
              },
              {
                "x": 0.3333333333333333,
                "y": 0
              },
              {
                "x": 0.6666666666666666,
                "y": 0
              },
              {
                "x": 1,
                "y": 0
              },
              {
                "x": 0,
                "y": 0.3333333333333333
              },
              {
                "x": 0.3333333333333333,
                "y": 0.3333333333333333
              },
              {
                "x": 0.6666666666666666,
                "y": 0.3333333333333333
              },
              {
                "x": 1,
                "y": 0.3333333333333333
              },
              {
                "x": 0,
                "y": 0.6666666666666666
              },
              {
                "x": 0.3333333333333333,
                "y": 0.6666666666666666
              },
              {
                "x": 0.6666666666666666,
                "y": 0.6666666666666666
              },
              {
                "x": 1,
                "y": 0.6666666666666666
              },
              {
                "x": -0.0021008403361344238,
                "y": 0.9268867924528303
              },
              {
                "x": 0.3333333333333333,
                "y": 1
              },
              {
                "x": 0.6666666666666666,
                "y": 1
              },
              {
                "x": 0.9978991596638654,
                "y": 0.9386792452830184
              }
            ]
          }
        }
      ],
      "visible": true,
      "opacity": 1,
      "blendMode": "normal"
    }
  ],
  "updatedAt": 1766721172545,
  "backgroundURL": "./assets/ab55b98b-7699-4642-89f3-97577960699c.jpg"
}