{
  "folders": [
    {
      "id": "fld_b14b61e2-8e45-4269-980c-1e9883684a55",
      "name": "Lantern",
      "parent": null,
      "children": [
        "91d52878-0c3b-4f1c-973f-737428a9c23f",
        "99df8e53-a7d0-4464-a30c-44d49181c6cf",
        "56ef9c81-6681-487b-9013-726537a3dc7b",
        "5d9bb5f4-0977-4343-b574-ea68d96829f8",
        "bc04ad7f-8316-43d2-81d6-a4fac9a35f6d"
      ]
    },
    {
      "id": "fld_af3aa1e3-81d0-466e-bd70-449887cc68a6",
      "name": "GLASS ORNA",
      "parent": null,
      "children": [
        "bf757766-4f11-43c4-9cbb-da0ddf4bfd74",
        "a5b8b841-f3c3-4f6a-8a61-4baf81dee440",
        "0e1385ea-5bb7-49c4-bf4e-204364aa4ad5",
        "ce8fb2c7-f20c-4204-a07e-368278766816",
        "29781fea-d115-4084-aa24-310dc5e36e49"
      ]
    },
    {
      "id": "fld_bd3b209a-ce4a-4429-a1c5-5740584df7f9",
      "name": "Car sunshade",
      "parent": null,
      "children": [
        "473c295b-78cd-4ed9-abbe-4d72b1c881cc",
        "515a1033-bc20-4011-9bd0-4da6b7b52428",
        "33d4576c-bda9-4136-a2eb-7a300541e69a",
        "97f88543-576d-4a42-b0b2-6e6a6ccc32a1",
        "63bd9818-1dd6-4554-9231-12375f5f894a",
        "e43825b8-f07c-4292-9924-8defab62f61d",
        "33b972c1-3079-4c50-ae77-6655b903223a"
      ]
    },
    {
      "id": "fld_809a118a-cfd6-432c-b3c8-97a7dbe34916",
      "name": "MUG real",
      "parent": null,
      "children": [
        "f1d293fc-cea7-4b8d-9e66-ca3674ae75f3",
        "a7184e7b-26f1-470f-80c3-1ec39105303d",
        "04482637-8c57-4ffd-a3fe-f0afa6767543",
        "0addf89a-98fa-4dad-bfae-b3f15362c2fd",
        "4d0fbb3f-b68b-41df-8e50-5f4cf757d97a",
        "ccd44c97-32eb-40f7-8757-7cd358a744ce",
        "4874eefd-cd6f-4380-9a8f-cf34e7fe45b5",
        "602be59d-2b3c-4b88-a9e1-fe0534e051df",
        "bd94911a-8c51-45f7-8cbe-1bed8bc749dd",
        "5156ad64-7780-4de9-9d90-2e04397f9853"
      ]
    },
    {
      "id": "fld_0aa21cc0-7178-414f-afb5-f71f9eeb514e",
      "name": "Decanter",
      "parent": null,
      "children": [
        "5b343180-4725-41ec-acdd-449f37cab0c3",
        "593c0d3c-03b3-48ef-821e-3ef410a25306",
        "dca7a782-8394-45d0-b072-c7d6f2aca0dc",
        "3852d11e-7aab-4b2e-b45c-cad7f9e66467",
        "431f8652-d8bb-4bee-8d66-264cc74e56a1",
        "acadf81e-2ef9-4505-8aa8-baae4ccb3f7c",
        "843e7858-8af0-4151-ae71-2282b47a0854"
      ]
    },
    {
      "id": "fld_5d5f6b9b-202c-4eb2-b93d-3b1657a6c57d",
      "name": "Booble Beanie",
      "parent": null,
      "children": [
        "86df2a51-f59a-4c18-b616-04684bb9c91f",
        "40eada40-8a81-4203-be9f-787158229eb3",
        "9a53cbd4-1f74-4ed2-be56-3af14813112c"
      ]
    },
    {
      "id": "fld_7c3d2d3c-b6bb-4ad1-8569-5c3a129ca460",
      "name": "Onesie",
      "parent": null,
      "children": [
        "d1f688a7-5520-4ae0-9603-017d49db5d0e",
        "1ab2fef1-54c9-45d9-9ef2-2b1faf2df378",
        "d1cce09a-4b5c-4336-aee2-ea32b5b58c43",
        "f43aa628-7690-4fb1-a10d-13ebf32de9da",
        "c6edda56-a356-4bb6-8304-d0ff44686340",
        "b2bd8381-fdd4-48cf-9d88-7f6f036d816f"
      ]
    },
    {
      "id": "fld_11b10e6f-9309-4bf4-9b4f-8e10c9ae2ff7",
      "name": "POCKET",
      "parent": null,
      "children": [
        "5f395565-32ef-4267-b6f4-2a70e3096e36",
        "754ba988-b66c-4743-a6d1-b33f6b7e16e7",
        "60c14988-04a5-49e6-bff6-d3f5e5039d86",
        "df65455f-10d9-4ff5-8630-a3b54f781dcf",
        "a82f5a41-a3dd-4409-a52a-932d19e5573a",
        "60e31327-b3df-4164-854c-04cd25259d53",
        "9755e594-acd0-4912-a68a-bef9c3e99c3c"
      ]
    },
    {
      "id": "fld_842fd327-412b-40e8-b2fb-6dd9e62c55c3",
      "name": "Warmer Lamp",
      "parent": null,
      "children": [
        "6d454b0c-8225-4cef-8214-67aff34f597e",
        "15a139dc-9c0c-45df-94b2-34b87f1f305f",
        "ab55b98b-7699-4642-89f3-97577960699c",
        "36c5b994-e6cf-450f-a416-e3c1b8fbed4a",
        "03a08e18-1530-4bc3-ad21-6ec180ede049",
        "6a975323-1596-4490-aeaa-8a9f530e904b",
        "86eacebf-f443-4464-b88a-cf72718d468e",
        "4b28efc6-7f40-43a8-bef7-fb775727c8a7",
        "835aa054-460f-4c68-9482-8771adea0d2e",
        "85e319ff-5a62-4404-aebe-9fbbb4ffaefe",
        "0d9e7d60-9645-4876-a55a-d0e237d933e2"
      ]
    }
  ],
  "assets": [
    {
      "id": "91d52878-0c3b-4f1c-973f-737428a9c23f",
      "name": "1",
      "folder": "fld_b14b61e2-8e45-4269-980c-1e9883684a55"
    },
    {
      "id": "99df8e53-a7d0-4464-a30c-44d49181c6cf",
      "name": "2",
      "folder": "fld_b14b61e2-8e45-4269-980c-1e9883684a55"
    },
    {
      "id": "56ef9c81-6681-487b-9013-726537a3dc7b",
      "name": "3",
      "folder": "fld_b14b61e2-8e45-4269-980c-1e9883684a55"
    },
    {
      "id": "5d9bb5f4-0977-4343-b574-ea68d96829f8",
      "name": "4",
      "folder": "fld_b14b61e2-8e45-4269-980c-1e9883684a55"
    },
    {
      "id": "bc04ad7f-8316-43d2-81d6-a4fac9a35f6d",
      "name": "5",
      "folder": "fld_b14b61e2-8e45-4269-980c-1e9883684a55"
    },
    {
      "id": "a5b8b841-f3c3-4f6a-8a61-4baf81dee440",
      "name": "02",
      "folder": "fld_af3aa1e3-81d0-466e-bd70-449887cc68a6"
    },
    {
      "id": "29781fea-d115-4084-aa24-310dc5e36e49",
      "name": "05",
      "folder": "fld_af3aa1e3-81d0-466e-bd70-449887cc68a6"
    },
    {
      "id": "0e1385ea-5bb7-49c4-bf4e-204364aa4ad5",
      "name": "03",
      "folder": "fld_af3aa1e3-81d0-466e-bd70-449887cc68a6"
    },
    {
      "id": "ce8fb2c7-f20c-4204-a07e-368278766816",
      "name": "04",
      "folder": "fld_af3aa1e3-81d0-466e-bd70-449887cc68a6"
    },
    {
      "id": "bf757766-4f11-43c4-9cbb-da0ddf4bfd74",
      "name": "01",
      "folder": "fld_af3aa1e3-81d0-466e-bd70-449887cc68a6"
    },
    {
      "id": "515a1033-bc20-4011-9bd0-4da6b7b52428",
      "name": "xe 1",
      "folder": "fld_bd3b209a-ce4a-4429-a1c5-5740584df7f9"
    },
    {
      "id": "33d4576c-bda9-4136-a2eb-7a300541e69a",
      "name": "xe 2",
      "folder": "fld_bd3b209a-ce4a-4429-a1c5-5740584df7f9"
    },
    {
      "id": "97f88543-576d-4a42-b0b2-6e6a6ccc32a1",
      "name": "xe 3",
      "folder": "fld_bd3b209a-ce4a-4429-a1c5-5740584df7f9"
    },
    {
      "id": "63bd9818-1dd6-4554-9231-12375f5f894a",
      "name": "xe 4",
      "folder": "fld_bd3b209a-ce4a-4429-a1c5-5740584df7f9"
    },
    {
      "id": "e43825b8-f07c-4292-9924-8defab62f61d",
      "name": "xe 5",
      "folder": "fld_bd3b209a-ce4a-4429-a1c5-5740584df7f9"
    },
    {
      "id": "33b972c1-3079-4c50-ae77-6655b903223a",
      "name": "6",
      "folder": "fld_bd3b209a-ce4a-4429-a1c5-5740584df7f9"
    },
    {
      "id": "473c295b-78cd-4ed9-abbe-4d72b1c881cc",
      "name": "cầm",
      "folder": "fld_bd3b209a-ce4a-4429-a1c5-5740584df7f9"
    },
    {
      "id": "ccd44c97-32eb-40f7-8757-7cd358a744ce",
      "name": "hộp quà",
      "folder": "fld_809a118a-cfd6-432c-b3c8-97a7dbe34916"
    },
    {
      "id": "4d0fbb3f-b68b-41df-8e50-5f4cf757d97a",
      "name": "vuốt",
      "folder": "fld_809a118a-cfd6-432c-b3c8-97a7dbe34916"
    },
    {
      "id": "f1d293fc-cea7-4b8d-9e66-ca3674ae75f3",
      "name": "đặt trên bàn",
      "folder": "fld_809a118a-cfd6-432c-b3c8-97a7dbe34916"
    },
    {
      "id": "a7184e7b-26f1-470f-80c3-1ec39105303d",
      "name": "rót nước",
      "folder": "fld_809a118a-cfd6-432c-b3c8-97a7dbe34916"
    },
    {
      "id": "04482637-8c57-4ffd-a3fe-f0afa6767543",
      "name": "cầm",
      "folder": "fld_809a118a-cfd6-432c-b3c8-97a7dbe34916"
    },
    {
      "id": "0addf89a-98fa-4dad-bfae-b3f15362c2fd",
      "name": "khuấy",
      "folder": "fld_809a118a-cfd6-432c-b3c8-97a7dbe34916"
    },
    {
      "id": "4874eefd-cd6f-4380-9a8f-cf34e7fe45b5",
      "name": "hộp quà 2",
      "folder": "fld_809a118a-cfd6-432c-b3c8-97a7dbe34916"
    },
    {
      "id": "602be59d-2b3c-4b88-a9e1-fe0534e051df",
      "name": "đặt 2",
      "folder": "fld_809a118a-cfd6-432c-b3c8-97a7dbe34916"
    },
    {
      "id": "bd94911a-8c51-45f7-8cbe-1bed8bc749dd",
      "name": "khuấy 2",
      "folder": "fld_809a118a-cfd6-432c-b3c8-97a7dbe34916"
    },
    {
      "id": "5156ad64-7780-4de9-9d90-2e04397f9853",
      "name": "rót nước 2",
      "folder": "fld_809a118a-cfd6-432c-b3c8-97a7dbe34916"
    },
    {
      "id": "5b343180-4725-41ec-acdd-449f37cab0c3",
      "name": "1",
      "folder": "fld_0aa21cc0-7178-414f-afb5-f71f9eeb514e"
    },
    {
      "id": "593c0d3c-03b3-48ef-821e-3ef410a25306",
      "name": "2",
      "folder": "fld_0aa21cc0-7178-414f-afb5-f71f9eeb514e"
    },
    {
      "id": "dca7a782-8394-45d0-b072-c7d6f2aca0dc",
      "name": "3",
      "folder": "fld_0aa21cc0-7178-414f-afb5-f71f9eeb514e"
    },
    {
      "id": "3852d11e-7aab-4b2e-b45c-cad7f9e66467",
      "name": "4",
      "folder": "fld_0aa21cc0-7178-414f-afb5-f71f9eeb514e"
    },
    {
      "id": "431f8652-d8bb-4bee-8d66-264cc74e56a1",
      "name": "5",
      "folder": "fld_0aa21cc0-7178-414f-afb5-f71f9eeb514e"
    },
    {
      "id": "acadf81e-2ef9-4505-8aa8-baae4ccb3f7c",
      "name": "6",
      "folder": "fld_0aa21cc0-7178-414f-afb5-f71f9eeb514e"
    },
    {
      "id": "843e7858-8af0-4151-ae71-2282b47a0854",
      "name": "7",
      "folder": "fld_0aa21cc0-7178-414f-afb5-f71f9eeb514e"
    },
    {
      "id": "86df2a51-f59a-4c18-b616-04684bb9c91f",
      "name": "3",
      "folder": "fld_5d5f6b9b-202c-4eb2-b93d-3b1657a6c57d"
    },
    {
      "id": "40eada40-8a81-4203-be9f-787158229eb3",
      "name": "BEANIE (4)",
      "folder": "fld_5d5f6b9b-202c-4eb2-b93d-3b1657a6c57d"
    },
    {
      "id": "9a53cbd4-1f74-4ed2-be56-3af14813112c",
      "name": "BEANIE (5)",
      "folder": "fld_5d5f6b9b-202c-4eb2-b93d-3b1657a6c57d"
    },
    {
      "id": "d1f688a7-5520-4ae0-9603-017d49db5d0e",
      "name": "1",
      "folder": "fld_7c3d2d3c-b6bb-4ad1-8569-5c3a129ca460"
    },
    {
      "id": "1ab2fef1-54c9-45d9-9ef2-2b1faf2df378",
      "name": "2",
      "folder": "fld_7c3d2d3c-b6bb-4ad1-8569-5c3a129ca460"
    },
    {
      "id": "d1cce09a-4b5c-4336-aee2-ea32b5b58c43",
      "name": "3",
      "folder": "fld_7c3d2d3c-b6bb-4ad1-8569-5c3a129ca460"
    },
    {
      "id": "f43aa628-7690-4fb1-a10d-13ebf32de9da",
      "name": "4",
      "folder": "fld_7c3d2d3c-b6bb-4ad1-8569-5c3a129ca460"
    },
    {
      "id": "c6edda56-a356-4bb6-8304-d0ff44686340",
      "name": "5",
      "folder": "fld_7c3d2d3c-b6bb-4ad1-8569-5c3a129ca460"
    },
    {
      "id": "b2bd8381-fdd4-48cf-9d88-7f6f036d816f",
      "name": "6",
      "folder": "fld_7c3d2d3c-b6bb-4ad1-8569-5c3a129ca460"
    },
    {
      "id": "5f395565-32ef-4267-b6f4-2a70e3096e36",
      "name": "1",
      "folder": "fld_11b10e6f-9309-4bf4-9b4f-8e10c9ae2ff7"
    },
    {
      "id": "754ba988-b66c-4743-a6d1-b33f6b7e16e7",
      "name": "M1",
      "folder": "fld_11b10e6f-9309-4bf4-9b4f-8e10c9ae2ff7"
    },
    {
      "id": "df65455f-10d9-4ff5-8630-a3b54f781dcf",
      "name": "3",
      "folder": "fld_11b10e6f-9309-4bf4-9b4f-8e10c9ae2ff7"
    },
    {
      "id": "60c14988-04a5-49e6-bff6-d3f5e5039d86",
      "name": "M2",
      "folder": "fld_11b10e6f-9309-4bf4-9b4f-8e10c9ae2ff7"
    },
    {
      "id": "60e31327-b3df-4164-854c-04cd25259d53",
      "name": "5",
      "folder": "fld_11b10e6f-9309-4bf4-9b4f-8e10c9ae2ff7"
    },
    {
      "id": "a82f5a41-a3dd-4409-a52a-932d19e5573a",
      "name": "4",
      "folder": "fld_11b10e6f-9309-4bf4-9b4f-8e10c9ae2ff7"
    },
    {
      "id": "9755e594-acd0-4912-a68a-bef9c3e99c3c",
      "name": "6",
      "folder": "fld_11b10e6f-9309-4bf4-9b4f-8e10c9ae2ff7"
    },
    {
      "id": "6d454b0c-8225-4cef-8214-67aff34f597e",
      "name": "1",
      "folder": "fld_842fd327-412b-40e8-b2fb-6dd9e62c55c3"
    },
    {
      "id": "15a139dc-9c0c-45df-94b2-34b87f1f305f",
      "name": "2",
      "folder": "fld_842fd327-412b-40e8-b2fb-6dd9e62c55c3"
    },
    {
      "id": "03a08e18-1530-4bc3-ad21-6ec180ede049",
      "name": "5",
      "folder": "fld_842fd327-412b-40e8-b2fb-6dd9e62c55c3"
    },
    {
      "id": "6a975323-1596-4490-aeaa-8a9f530e904b",
      "name": "6",
      "folder": "fld_842fd327-412b-40e8-b2fb-6dd9e62c55c3"
    },
    {
      "id": "86eacebf-f443-4464-b88a-cf72718d468e",
      "name": "7",
      "folder": "fld_842fd327-412b-40e8-b2fb-6dd9e62c55c3"
    },
    {
      "id": "4b28efc6-7f40-43a8-bef7-fb775727c8a7",
      "name": "8",
      "folder": "fld_842fd327-412b-40e8-b2fb-6dd9e62c55c3"
    },
    {
      "id": "85e319ff-5a62-4404-aebe-9fbbb4ffaefe",
      "name": "ổn áp",
      "folder": "fld_842fd327-412b-40e8-b2fb-6dd9e62c55c3"
    },
    {
      "id": "0d9e7d60-9645-4876-a55a-d0e237d933e2",
      "name": "couple",
      "folder": "fld_842fd327-412b-40e8-b2fb-6dd9e62c55c3"
    },
    {
      "id": "ab55b98b-7699-4642-89f3-97577960699c",
      "name": "3",
      "folder": "fld_842fd327-412b-40e8-b2fb-6dd9e62c55c3"
    },
    {
      "id": "36c5b994-e6cf-450f-a416-e3c1b8fbed4a",
      "name": "4",
      "folder": "fld_842fd327-412b-40e8-b2fb-6dd9e62c55c3"
    },
    {
      "id": "835aa054-460f-4c68-9482-8771adea0d2e",
      "name": "9",
      "folder": "fld_842fd327-412b-40e8-b2fb-6dd9e62c55c3"
    }
  ]
}